"","beginNum","scanNum","tr","pepmass","endNum","productIon","intensity","neutralLoss","Hex","dHex","Pen","HexA","Mal","Cou","Fur","Sin","DDMP","Caf","mzOfChain","ppm","numOfSugar","k.radio","lable"
"5005","1","2","6","433.114013671875","226","271.0612","1","162.0528",1,0,0,0,0,0,0,0,0,0,162.0528233,0.0825155257267465,1,1,"Biggest NL (One)"
"50051","227","4","16","433.114013671875","464","271.0612","1","162.0528",1,0,0,0,0,0,0,0,0,0,162.0528233,0.201342567744626,1,1,"Biggest NL (One)"
"1716","465","11","51","280.1051330566406","614","148.0617","1","132.0434",0,0,1,0,0,0,0,0,0,0,132.0422586,9.00049693575261,1,1,"Biggest NL (One)"
"17161","615","13","61","266.0895080566406","828","134.0461","1","132.0434",0,0,1,0,0,0,0,0,0,0,132.0422586,8.68999577415891,1,1,"Biggest NL (One)"
"7007","829","19","91","563.140625","1082","239.0348","0.01011849","324.1058",2,0,0,0,0,0,0,0,0,0,324.1056466,0.436277305733653,2,0.5," "
"2178","829","19","91","563.140625","1082","255.0659","0.01074883","308.0747",0,0,1,1,0,0,0,0,0,0,308.0743464,1.24515243416341,2,0.5," "
"5797","829","19","91","563.140625","1082","269.0455","1","294.0951",1,0,1,0,0,0,0,0,0,0,294.0950819,0.190754598584303,2,0.5,"Biggest NL (One)"
"50052","1083","28","136","423.1296691894531","1380","261.0769","0.1593385","162.0528",1,0,0,0,0,0,0,0,0,0,162.0528233,0.124098728776352,1,1,"Biggest NL (One)"
"57971","1381","31","151","549.161376953125","1689","255.0661","1","294.0953",1,0,1,0,0,0,0,0,0,0,294.0950819,0.75843823840568,2,1,"Biggest NL (One)"
"17162","1381","31","151","549.161376953125","1689","417.1189","0.01163964","132.0424",0,0,1,0,0,0,0,0,0,0,132.0422586,1.32043253903191,1,1," "
"6292","1690","40","196","579.1719360351562","2014","271.0612","0.1330871","308.1107",1,1,0,0,0,0,0,0,0,0,308.110732,0.0325699655870185,2,0.5,"Biggest NL (One)"
"50053","2015","43","211","517.1715087890625","2436","355.1186","0.1468662","162.0529",1,0,0,0,0,0,0,0,0,0,162.0528233,0.576904534482418,1,1,"Biggest NL (One)"
"50054","2437","46","226","497.19293212890614","2807","335.1399","0.01402418","162.053",1,0,0,0,0,0,0,0,0,0,162.0528233,1.12203353459273,1,1,"Biggest NL (One)"
"70071","2808","49","241","473.16644287109386","3038","149.0597","1","324.1068",2,0,0,0,0,0,0,0,0,0,324.1056466,3.40712154515386,2,0.5,"Biggest NL (One)"
"1386","3039","55","271","821.396484375","3409","469.3328","0.01192323","352.0637",0,0,0,2,0,0,0,0,0,0,352.0641756,1.2816571795552,2,1,"Biggest NL (One)"
"924","3039","55","271","821.396484375","3409","645.3655","0.01727026","176.031",0,0,0,1,0,0,0,0,0,0,176.0320878,6.22290987079827,1,1," "
"50055","3410","58","286","311.1499938964844","3658","149.0959","1","162.0541",1,0,0,0,0,0,0,0,0,0,162.0528233,7.93930178743712,1,1,"Biggest NL (One)"
"50056","3659","61","301","533.2028198242188","4085","371.1494","0.1879877","162.0535",1,0,0,0,0,0,0,0,0,0,162.0528233,3.90318253653718,1,1,"Biggest NL (One)"
"62921","4086","70","346","427.1609497070312","4379","119.0489","1","308.1121",1,1,0,0,0,0,0,0,0,0,308.110732,4.39355382026573,2,0.5,"Biggest NL (One)"
"50057","4380","73","361","299.1136169433594","4594","137.0595","0.02419911","162.0541",1,0,0,0,0,0,0,0,0,0,162.0528233,7.87171301247843,1,1,"Biggest NL (One)"
"57972","4595","76","376","429.1402282714844","4793","135.0438","1","294.0965",1,0,1,0,0,0,0,0,0,0,294.0950819,4.74120432174872,2,0.5,"Biggest NL (One)"
"50058","4794","79","391","345.1191101074219","5293","183.065","0.01074887","162.0541",1,0,0,0,0,0,0,0,0,0,162.0528233,7.70611565416342,1,1,"Biggest NL (One)"
"50059","5294","85","421","297.0979614257812","5997","135.0438","0.01697127","162.0541",1,0,0,0,0,0,0,0,0,0,162.0528233,7.97342158078588,1,1,"Biggest NL (One)"
"500510","5998","91","451","431.0983581542969","6205","269.0455","1","162.0529",1,0,0,0,0,0,0,0,0,0,162.0528233,0.517450123748922,1,1,"Biggest NL (One)"
"500511","6206","94","466","323.0772399902344","6457","161.0234","0.3317453","162.0539",1,0,0,0,0,0,0,0,0,0,162.0528233,6.48358603527311,1,1,"Biggest NL (One)"
"5006","6458","97","481","407.0983581542969","6732","83.01246","0.0113364","324.0859",1,0,0,0,0,0,0,0,0,1,324.0845186,4.25366950238283,2,1,"Biggest NL (One)"
"500512","6458","97","481","407.0983581542969","6732","245.0454","0.2560324","162.053",1,0,0,0,0,0,0,0,0,0,162.0528233,0.807478626768612,1,1," "
"57973","6733","100","496","431.1558837890625","7055","137.0598","0.01753771","294.0961",1,0,1,0,0,0,0,0,0,0,294.0950819,3.56308348303787,2,1,"Biggest NL (One)"
"17163","6733","100","496","431.1558837890625","7055","299.1135","0.04228563","132.0423",0,0,1,0,0,0,0,0,0,0,132.0422586,0.592151460068883,1,1," "
"500513","7056","103","511","393.1191101074219","7254","231.0659","0.2107126","162.0532",1,0,0,0,0,0,0,0,0,0,162.0528233,2.29435415721848,1,1,"Biggest NL (One)"
"17164","7056","103","511","393.1191101074219","7254","261.0769","0.02427911","132.0422",0,0,1,0,0,0,0,0,0,0,132.0422586,0.20063715767949,1,1," "
"500514","7255","106","526","285.0979614257812","7439","123.044","0.9494727","162.054",1,0,0,0,0,0,0,0,0,0,162.0528233,7.22059207829627,1,1,"Biggest NL (One)"
"500515","7440","109","541","271.0823364257812","7667","109.0282","0.1569337","162.0541",1,0,0,0,0,0,0,0,0,0,162.0528233,8.1647141426527,1,1,"Biggest NL (One)"
"500516","7668","112","556","423.1296691894531","7931","261.0767","1","162.053",1,0,0,0,0,0,0,0,0,0,162.0528233,0.863232923176759,1,1,"Biggest NL (One)"
"62922","8260","124","616","441.1766052246094","8571","133.0647","0.4484974","308.1119",1,1,0,0,0,0,0,0,0,0,308.110732,3.72989384508767,2,0.5,"Biggest NL (One)"
"500517","8572","127","631","373.114013671875","8809","211.0606","0.03587328","162.0534",1,0,0,0,0,0,0,0,0,0,162.0528233,3.3653843759978,1,1,"Biggest NL (One)"
"500518","9057","136","676","431.0983581542969","9266","269.0456","0.04223037","162.0528",1,0,0,0,0,0,0,0,0,0,162.0528233,0.173682305903962,1,1,"Biggest NL (One)"
"500519","9585","142","706","435.1296691894531","9822","273.0766","0.7011288","162.0531",1,0,0,0,0,0,0,0,0,0,162.0528233,1.81970860187525,1,1,"Biggest NL (One)"
"500520","9823","145","721","341.1241760253906","10170","179.0705","0.4241417","162.0537",1,0,0,0,0,0,0,0,0,0,162.0528233,5.49648242244786,1,1,"Biggest NL (One)"
"500521","10171","148","736","309.0979614257812","10389","147.044","1","162.054",1,0,0,0,0,0,0,0,0,0,162.0528233,7.26995798208822,1,1,"Biggest NL (One)"
"500522","10390","151","751","325.0928955078125","10562","163.039","0.5887253","162.0539",1,0,0,0,0,0,0,0,0,0,162.0528233,6.82000012380422,1,1,"Biggest NL (One)"
"500523","10563","154","766","311.1136169433594","10943","149.0597","0.6929268","162.054",1,0,0,0,0,0,0,0,0,0,162.0528233,7.05100521743488,1,1,"Biggest NL (One)"
"500524","11172","160","796","419.1347351074219","11363","257.0815","1","162.0532",1,0,0,0,0,0,0,0,0,0,162.0528233,2.43011171815911,1,1,"Biggest NL (One)"
"62923","11364","163","811","577.15625","11609","269.0455","0.01146829","308.1108",1,1,0,0,0,0,0,0,0,0,308.110732,0.142805781004549,2,0.5,"Biggest NL (One)"
"500525","11610","169","841","371.1347351074219","12044","209.0812","0.8963713","162.0536",1,0,0,0,0,0,0,0,0,0,162.0528233,4.62691076469988,1,1,"Biggest NL (One)"
"500526","12045","172","856","447.0932922363281","12291","285.0402","0.09044718","162.0531",1,0,0,0,0,0,0,0,0,0,162.0528233,1.71509416365118,1,1,"Biggest NL (One)"
"500527","12292","181","901","369.0827026367188","12470","207.029","1","162.0537",1,0,0,0,0,0,0,0,0,0,162.0528233,5.14235060231338,1,1,"Biggest NL (One)"
"500528","13440","196","976","389.1241760253906","13663","227.0709","1","162.0533",1,0,0,0,0,0,0,0,0,0,162.0528233,2.63324179288159,1,1,"Biggest NL (One)"
"500529","13664","199","991","310.0932312011719","13874","148.0393","1","162.0539",1,0,0,0,0,0,0,0,0,0,162.0528233,6.89832757904469,1,1,"Biggest NL (One)"
"500530","13875","202","1006","325.0928955078125","14067","163.039","0.9178886","162.0539",1,0,0,0,0,0,0,0,0,0,162.0528233,6.80148789385963,1,1,"Biggest NL (One)"
"70072","14068","205","1021","461.13006591796886","14370","137.0231","1","324.1069",2,0,0,0,0,0,0,0,0,0,324.1056466,3.92561187251666,2,0.5,"Biggest NL (One)"
"500531","14371","208","1036","493.2079162597656","14690","331.1551","0.5894257","162.0529",1,0,0,0,0,0,0,0,0,0,162.0528233,0.221901457277011,1,1,"Biggest NL (One)"
"500532","15192","217","1081","299.1136169433594","15511","137.0596","1","162.054",1,0,0,0,0,0,0,0,0,0,162.0528233,7.34720066718798,1,1,"Biggest NL (One)"
"62924","15512","220","1096","473.16644287109386","15798","165.0547","1","308.1118",1,1,0,0,0,0,0,0,0,0,308.110732,3.43340024181322,2,0.5,"Biggest NL (One)"
"500533","15799","223","1111","339.1449279785156","16076","177.091","0.09310269","162.0539",1,0,0,0,0,0,0,0,0,0,162.0528233,6.76119727629887,1,1,"Biggest NL (One)"
"500534","16077","229","1141","479.2650146484375","16453","317.212","0.4089606","162.053",1,0,0,0,0,0,0,0,0,0,162.0528233,1.29802221398771,1,1,"Biggest NL (One)"
"500535","16454","232","1156","357.1191101074219","16684","195.0655","1","162.0536",1,0,0,0,0,0,0,0,0,0,162.0528233,5.02801067221405,1,1,"Biggest NL (One)"
"500536","16685","238","1186","341.1241760253906","17087","179.0704","0.2351796","162.0538",1,0,0,0,0,0,0,0,0,0,162.0528233,6.15058250687923,1,1,"Biggest NL (One)"
"500537","17366","247","1231","369.0827026367188","17552","207.0291","1","162.0536",1,0,0,0,0,0,0,0,0,0,162.0528233,4.66720155459618,1,1,"Biggest NL (One)"
"500538","17553","250","1246","345.1554870605469","17867","183.1017","1","162.0538",1,0,0,0,0,0,0,0,0,0,162.0528233,6.1014334331449,1,1,"Biggest NL (One)"
"500539","17868","253","1261","447.0932922363281","18039","285.0401","1","162.0532",1,0,0,0,0,0,0,0,0,0,162.0528233,2.36302839693691,1,1,"Biggest NL (One)"
"500540","18040","256","1276","327.1449279785156","18306","165.0911","0.0938553","162.0538",1,0,0,0,0,0,0,0,0,0,162.0528233,6.3292450138181,1,1,"Biggest NL (One)"
"62925","18307","259","1291","461.16644287109386","18524","153.0545","0.03825895","308.112",1,1,0,0,0,0,0,0,0,0,308.110732,3.98514583591031,2,1,"Biggest NL (One)"
"3003","18307","259","1291","461.16644287109386","18524","315.1085","0.1259747","146.058",0,1,0,0,0,0,0,0,0,0,146.0579087,0.569438842828288,1,1," "
"70073","18687","265","1321","593.1511840820312","19015","269.0454","0.03054461","324.1057",2,0,0,0,0,0,0,0,0,0,324.1056466,0.310028539024675,2,0.5,"Biggest NL (One)"
"5467","19016","268","1336","793.4379272460938","19348","455.3525","0.01188544","338.0854",1,0,0,1,0,0,0,0,0,0,338.0849111,1.52667359233582,2,0.5,"Biggest NL (One)"
"500541","19349","274","1366","419.1347351074219","19600","257.0816","1","162.0531",1,0,0,0,0,0,0,0,0,0,162.0528233,1.9487892898834,1,1,"Biggest NL (One)"
"500542","19601","277","1381","285.0979614257812","19807","123.0439","1","162.054",1,0,0,0,0,0,0,0,0,0,162.0528233,7.55381183399864,1,1,"Biggest NL (One)"
"500543","21372","298","1486","435.1296691894531","21697","273.0771","0.03222299","162.0525",1,0,0,0,0,0,0,0,0,0,162.0528233,1.82107956077834,1,1,"Biggest NL (One)"
"500544","21698","304","1516","461.21807861328114","21994","299.1647","1","162.0533",1,0,0,0,0,0,0,0,0,0,162.0528233,3.12436209964022,1,1,"Biggest NL (One)"
"500545","21995","307","1531","355.1034545898438","22206","193.0497","0.2248078","162.0537",1,0,0,0,0,0,0,0,0,0,162.0528233,5.70977130657102,1,1,"Biggest NL (One)"
"70074","22207","310","1546","741.2611083984375","22471","417.1552","0.4503281","324.1059",2,0,0,0,0,0,0,0,0,0,324.1056466,0.656570781746315,2,0.5,"Biggest NL (One)"
"6787","22472","313","1561","645.20361328125","22680","191.0339","1","454.1697",1,2,0,0,0,0,0,0,0,0,454.1686407,2.28456741963788,3,0.3333,"Biggest NL (One)"
"62926","22929","325","1621","499.1457214355469","23139","191.034","1","308.1117",1,1,0,0,0,0,0,0,0,0,308.110732,3.21128823755462,2,0.5,"Biggest NL (One)"
"4290","23140","328","1636","1029.527587890625","23443","737.4125","0.1765386","292.1151",0,2,0,0,0,0,0,0,0,0,292.1158174,2.35013288388558,2,1,"Biggest NL (One)"
"30031","23140","328","1636","1029.527587890625","23443","883.4708","0.04887137","146.0568",0,1,0,0,0,0,0,0,0,0,146.0579087,7.54370438755183,1,1," "
"70075","23694","334","1666","943.4907836914062","24017","619.385","1","324.1058",2,0,0,0,0,0,0,0,0,0,324.1056466,0.447666811141126,2,0.5,"Biggest NL (One)"
"70076","24018","340","1696","681.239990234375","24197","357.1345","0.7152288","324.1055",2,0,0,0,0,0,0,0,0,0,324.1056466,0.547246627542487,2,0.5,"Biggest NL (One)"
"62927","24198","346","1726","607.2760009765625","24503","299.165","1","308.111",1,1,0,0,0,0,0,0,0,0,308.110732,1.00605470195637,2,1,"Biggest NL (One)"
"30032","24198","346","1726","607.2760009765625","24503","461.2183","0.3700543","146.0577",0,1,0,0,0,0,0,0,0,0,146.0579087,1.55913359686065,1,1," "
"42901","24888","361","1801","561.161376953125","25114","269.0456","0.08004356","292.1158",0,2,0,0,0,0,0,0,0,0,292.1158174,0.0528792857180967,2,0.5,"Biggest NL (One)"
"7997","25115","364","1816","1281.612060546875","25544","471.3477","0.07989714","810.2643",5,0,0,0,0,0,0,0,0,0,810.2641165,0.278979171541947,5,1,"Biggest NL (One)"
"7942","25115","364","1816","1281.612060546875","25544","633.4011","0.1383161","648.2109",4,0,0,0,0,0,0,0,0,0,648.2112932,0.556382354667393,4,1," "
"7722","25115","364","1816","1281.612060546875","25544","795.4536","0.2594036","486.1585",3,0,0,0,0,0,0,0,0,0,486.1584699,0.0171818979089542,3,1," "
"70077","25115","364","1816","1281.612060546875","25544","957.5062","0.4403856","324.1059",2,0,0,0,0,0,0,0,0,0,324.1056466,0.721822370618891,2,1," "
"500546","25115","364","1816","1281.612060546875","25544","1119.558","0.6422455","162.0539",1,0,0,0,0,0,0,0,0,0,162.0528233,6.66597256480228,1,1," "
"7502","25545","367","1831","953.4751586914062","25893","483.3112","1","470.164",2,1,0,0,0,0,0,0,0,0,470.1635553,0.900518596649978,3,0.3333,"Biggest NL (One)"
"42902","25894","370","1846","865.4591064453125","26142","573.3431","0.02845217","292.116",0,2,0,0,0,0,0,0,0,0,292.1158174,0.777243553774709,2,1,"Biggest NL (One)"
"30033","25894","370","1846","865.4591064453125","26142","719.4015","0.03551353","146.0576",0,1,0,0,0,0,0,0,0,0,146.0579087,2.03518792685589,1,1," "
"7923","26143","373","1861","1197.5909423828123","26714","433.3324","0.09558141","764.2585",3,1,1,0,0,0,0,0,0,0,764.2586372,0.148924983196843,5,1.4,"Biggest NL (One)"
"7622","26143","373","1861","1197.5909423828123","26714","595.3858","0.2189192","602.2051",2,1,1,0,0,0,0,0,0,0,602.2058139,1.12173932873042,4,1.5," "
"6622","26143","373","1861","1197.5909423828123","26714","757.4381","0.6177945","440.1528",1,1,1,0,0,0,0,0,0,0,440.1529906,0.386722928664148,3,1.6667," "
"62928","26143","373","1861","1197.5909423828123","26714","889.4808","0.04925131","308.1102",1,1,0,0,0,0,0,0,0,0,308.110732,1.80330683735177,2,1.5," "
"3795","26143","373","1861","1197.5909423828123","26714","919.4906","0.1077404","278.1004",0,1,1,0,0,0,0,0,0,0,278.1001673,0.762612452315903,2,1," "
"500547","26143","373","1861","1197.5909423828123","26714","1035.538","0.04464821","162.0533",1,0,0,0,0,0,0,0,0,0,162.0528233,2.845254349912,1,1," "
"30034","26143","373","1861","1197.5909423828123","26714","1051.532","0.01205261","146.0588",0,1,0,0,0,0,0,0,0,0,146.0579087,6.20765552538496,1,1," "
"76221","26715","379","1891","1041.527587890625","27107","439.3222","0.8267839","602.2054",2,1,1,0,0,0,0,0,0,0,602.2058139,0.649295672424918,4,1.25,"Biggest NL (One)"
"75021","26715","379","1891","1041.527587890625","27107","571.3644","0.6315113","470.1632",2,1,0,0,0,0,0,0,0,0,470.1635553,0.696373845497795,3,1.3333," "
"70078","26715","379","1891","1041.527587890625","27107","717.4227","1","324.1049",2,0,0,0,0,0,0,0,0,0,324.1056466,2.45201319989636,2,1," "
"62929","26715","379","1891","1041.527587890625","27107","733.4176","0.1481568","308.11",1,1,0,0,0,0,0,0,0,0,308.110732,2.29823543555393,2,1," "
"500548","26715","379","1891","1041.527587890625","27107","879.4759","0.1102245","162.0517",1,0,0,0,0,0,0,0,0,0,162.0528233,6.78431150626604,1,1," "
"629210","27745","385","1921","725.2662353515625","28069","417.1561","0.3263007","308.1102",1,1,0,0,0,0,0,0,0,0,308.110732,1.86507462916365,2,0.5,"Biggest NL (One)"
"4785","28070","388","1936","533.1875610351562","28382","95.01257","0.04547919","438.175",0,3,0,0,0,0,0,0,0,0,438.1737261,2.88910864226136,3,0.3333,"Biggest NL (One)"
"70079","28070","388","1936","533.1875610351562","28382","209.0814","0.6773691","324.1062",2,0,0,0,0,0,0,0,0,0,324.1056466,1.56564492811833,2,0.5," "
"57974","28383","391","1951","593.2603149414062","28719","299.1651","1","294.0952",1,0,1,0,0,0,0,0,0,0,294.0950819,0.360568314575575,2,1,"Biggest NL (One)"
"17165","28383","391","1951","593.2603149414062","28719","461.2184","0.6022306","132.0419",0,0,1,0,0,0,0,0,0,0,132.0422586,2.37544663462024,1,1," "
"500549","28720","394","1966","537.19775390625","29067","375.145","0.08676617","162.0527",1,0,0,0,0,0,0,0,0,0,162.0528233,0.625683720841049,1,1,"Biggest NL (One)"
"57975","29068","397","1981","431.1558837890625","29315","137.0597","0.04010792","294.0962",1,0,1,0,0,0,0,0,0,0,294.0950819,3.64128891969433,2,1,"Biggest NL (One)"
"17166","29068","397","1981","431.1558837890625","29315","299.1137","0.05283693","132.0422",0,0,1,0,0,0,0,0,0,0,132.0422586,0.468115034640255,1,1," "
"57976","29618","403","2011","459.1871643066406","29861","165.0912","0.9055826","294.0959",1,0,1,0,0,0,0,0,0,0,294.0950819,2.94940016212754,2,1,"Biggest NL (One)"
"17167","29618","403","2011","459.1871643066406","29861","327.1452","1","132.042",0,0,1,0,0,0,0,0,0,0,132.0422586,2.27422679272625,1,1," "
"500550","29862","406","2026","533.2028198242188","30324","371.1501","0.4827302","162.0527",1,0,0,0,0,0,0,0,0,0,162.0528233,0.854510873286088,1,1,"Biggest NL (One)"
"2838","30325","409","2041","477.1613464355469","30586","81.03325","0.05112223","396.1281",0,0,3,0,0,0,0,0,0,0,396.1267758,3.33385982648114,3,0.3333,"Biggest NL (One)"
"57977","30325","409","2041","477.1613464355469","30586","183.0655","0.1065152","294.0959",1,0,1,0,0,0,0,0,0,0,294.0950819,2.64721695073322,2,0.5," "
"629211","30587","412","2056","577.15625","30879","269.0457","0.05012357","308.1105",1,1,0,0,0,0,0,0,0,0,308.110732,0.66210006298954,2,0.5,"Biggest NL (One)"
"57978","30587","412","2056","577.15625","30879","283.0587","0.0132111","294.0975",1,0,1,0,0,0,0,0,0,0,294.0950819,8.22210321406971,2,0.5," "
"700710","30880","415","2071","927.495849609375","31248","603.3907","1","324.1052",2,0,0,0,0,0,0,0,0,0,324.1056466,1.38840916390914,2,0.5,"Biggest NL (One)"
"629212","31249","421","2101","691.33349609375","31547","383.2232","0.7405519","308.1103",1,1,0,0,0,0,0,0,0,0,308.110732,1.27521280575938,2,1,"Biggest NL (One)"
"500551","31249","421","2101","691.33349609375","31547","529.2812","0.401374","162.0523",1,0,0,0,0,0,0,0,0,0,162.0528233,3.09903768469608,1,1," "
"6127","31548","424","2116","725.3026123046875","31882","299.1653","0.6845394","426.1373",1,0,2,0,0,0,0,0,0,0,426.1373405,0.178804622189271,3,1,"Biggest NL (One)"
"2508","31548","424","2116","725.3026123046875","31882","461.2182","1","264.0845",0,0,2,0,0,0,0,0,0,0,264.0845172,0.215443621342953,2,1," "
"17168","31548","424","2116","725.3026123046875","31882","593.2611","0.3496028","132.0415",0,0,1,0,0,0,0,0,0,0,132.0422586,5.96248515462492,1,1," "
"500552","32283","433","2161","377.0877990722656","32429","215.0344","1","162.0534",1,0,0,0,0,0,0,0,0,0,162.0528233,3.3184888117856,1,1,"Biggest NL (One)"
"28381","32430","436","2176","477.1613464355469","32686","81.03325","0.04896507","396.1281",0,0,3,0,0,0,0,0,0,0,396.1267758,3.33385982648114,3,0.3333,"Biggest NL (One)"
"57979","32430","436","2176","477.1613464355469","32686","183.0655","0.1027642","294.0958",1,0,1,0,0,0,0,0,0,0,294.0950819,2.51120721735863,2,0.5," "
"579710","32687","439","2191","593.1511840820312","32850","299.0558","1","294.0954",1,0,1,0,0,0,0,0,0,0,294.0950819,1.0070951578301,2,0.5,"Biggest NL (One)"
"500553","32851","442","2206","345.1191101074219","33361","183.0651","0.1185777","162.054",1,0,0,0,0,0,0,0,0,0,162.0528233,7.16926165752775,1,1,"Biggest NL (One)"
"579711","36041","454","2266","459.1871643066406","36233","165.0912","0.7082931","294.096",1,0,1,0,0,0,0,0,0,0,294.0950819,3.16021504850621,2,1,"Biggest NL (One)"
"17169","36041","454","2266","459.1871643066406","36233","327.1449","1","132.0423",0,0,1,0,0,0,0,0,0,0,132.0422586,0.346151491933494,1,1," "
"171610","36610","463","2311","581.3331298828125","37033","449.291","0.06817248","132.0421",0,0,1,0,0,0,0,0,0,0,132.0422586,1.23231297135557,1,1,"Biggest NL (One)"
"500554","37034","466","2326","449.14532470703114","37276","287.0927","0.4327032","162.0527",1,0,0,0,0,0,0,0,0,0,162.0528233,1.01567583145685,1,1,"Biggest NL (One)"
"171611","37277","472","2356","447.0932922363281","37455","315.0511","0.7361295","132.0422",0,0,1,0,0,0,0,0,0,0,132.0422586,0.767661434660026,1,1,"Biggest NL (One)"
"579712","37867","478","2386","563.140625","38132","269.0458","0.03062168","294.0948",1,0,1,0,0,0,0,0,0,0,294.0950819,0.978936063880794,2,0.5,"Biggest NL (One)"
"700711","38133","481","2401","799.4849243164062","38520","475.3792","0.2154118","324.1057",2,0,0,0,0,0,0,0,0,0,324.1056466,0.107114463822237,2,1,"Biggest NL (One)"
"500555","38133","481","2401","799.4849243164062","38520","637.4332","0.05362734","162.0517",1,0,0,0,0,0,0,0,0,0,162.0528233,6.81253860465418,1,1," "
"500556","38771","487","2431","359.1347351074219","39026","197.0815","0.03303336","162.0533",1,0,0,0,0,0,0,0,0,0,162.0528233,2.8250425954881,1,1,"Biggest NL (One)"
"500557","39027","493","2461","299.1136169433594","39231","137.0596","0.02494449","162.054",1,0,0,0,0,0,0,0,0,0,162.0528233,7.46444465098134,1,1,"Biggest NL (One)"
"500558","39232","496","2476","285.0979614257812","39374","123.0439","1","162.0541",1,0,0,0,0,0,0,0,0,0,162.0528233,7.65254357073392,1,1,"Biggest NL (One)"
"629213","39375","499","2491","607.1668090820312","39550","299.0559","1","308.111",1,1,0,0,0,0,0,0,0,0,308.110732,0.711049154518798,2,0.5,"Biggest NL (One)"
"579713","39551","502","2506","563.140625","40112","269.0455","1","294.0951",1,0,1,0,0,0,0,0,0,0,294.0950819,0.0241418514403284,2,0.5,"Biggest NL (One)"
"37951","39551","502","2506","563.140625","40112","285.0405","0.027524","278.1001",0,1,1,0,0,0,0,0,0,0,278.1001673,0.267169993338727,2,0.5," "
"9241","40113","505","2521","475.08819580078114","40384","299.0562","0.4889339","176.032",0,0,0,1,0,0,0,0,0,0,176.0320878,0.568074133223164,1,1,"Biggest NL (One)"
"500559","40385","508","2536","447.0932922363281","40672","285.0403","1","162.0529",1,0,0,0,0,0,0,0,0,0,162.0528233,0.770959920693233,1,1,"Biggest NL (One)"
"9242","40673","511","2551","445.07763671875","40935","269.0452","1","176.0324",0,0,0,1,0,0,0,0,0,0,176.0320878,1.85147009629751,1,1,"Biggest NL (One)"
"500560","40936","514","2566","433.114013671875","41353","271.061","1","162.0531",1,0,0,0,0,0,0,0,0,0,162.0528233,1.42158305417475,1,1,"Biggest NL (One)"
"500561","41354","517","2581","353.0877990722656","41940","191.0343","1","162.0535",1,0,0,0,0,0,0,0,0,0,162.0528233,4.33049676211278,1,1,"Biggest NL (One)"
"30035","41354","517","2581","353.0877990722656","41940","207.0294","0.02593711","146.0584",0,1,0,0,0,0,0,0,0,0,146.0579087,3.29575223590662,1,1," "
"980","41941","526","2626","473.1089172363281","43226","121.0283","0.01736639","352.0806",0,0,0,1,0,0,1,0,0,0,352.0794331,3.39449612471519,2,0.5," "
"1737","41941","526","2626","473.1089172363281","43226","135.0075","0.01791132","338.1014",0,0,1,0,0,0,0,1,0,0,338.1001639,3.61529522778931,2,1," "
"5061","41941","526","2626","473.1089172363281","43226","135.0075","0.01791132","338.1014",1,0,0,0,0,0,1,0,0,0,338.1001686,3.60139407202676,2,1," "
"925","41941","526","2626","473.1089172363281","43226","135.044","0.0484535","338.065",0,0,0,1,0,0,0,0,0,1,338.0637831,3.49973066223821,2,0.5," "
"50061","41941","526","2626","473.1089172363281","43226","149.0233","0.01815398","324.0856",1,0,0,0,0,0,0,0,0,1,324.0845186,3.43315537911619,2,1," "
"3059","41941","526","2626","473.1089172363281","43226","151.0025","0.02550234","322.1064",0,1,0,0,0,0,1,0,0,0,322.105254,3.64859630693486,2,1,"Biggest NL (One)"
"1050","41941","526","2626","473.1089172363281","43226","151.039","0.0117489","322.0699",0,0,0,1,0,1,0,0,0,0,322.0688631,3.24506047117652,2,0.5," "
"1772","41941","526","2626","473.1089172363281","43226","165.0184","0.01358777","308.0905",0,0,1,0,0,0,1,0,0,0,308.0896039,2.98398119643928,2,1," "
"3004","41941","526","2626","473.1089172363281","43226","165.0184","0.01358777","308.0905",0,1,0,0,0,0,0,0,0,1,308.089604,2.98365661662231,2,1," "
"5131","41941","526","2626","473.1089172363281","43226","165.0184","0.01358777","308.0905",1,0,0,0,0,1,0,0,0,0,308.0895986,3.00118393264263,2,1," "
"1717","41941","526","2626","473.1089172363281","43226","179.0341","0.0213026","294.0748",0,0,1,0,0,0,0,0,0,1,294.0739539,3.02078314944407,2,1," "
"500562","41941","526","2626","473.1089172363281","43226","311.0561","0.4795734","162.0528",1,0,0,0,0,0,0,0,0,0,162.0528233,0.0744428423225049,1,1," "
"30036","41941","526","2626","473.1089172363281","43226","327.051","0.9371287","146.0579",0,1,0,0,0,0,0,0,0,0,146.0579087,0.126413381748934,1,1," "
"171612","41941","526","2626","473.1089172363281","43226","341.0667","0.08109693","132.0422",0,0,1,0,0,0,0,0,0,0,132.0422586,0.154220892993141,1,1," "
"500563","43227","529","2641","433.114013671875","43645","271.0612","1","162.0528",1,0,0,0,0,0,0,0,0,0,162.0528233,0.330930011850261,1,1,"Biggest NL (One)"
"9243","43646","535","2671","449.1089172363281","44179","273.0769","0.01852737","176.032",0,0,0,1,0,0,0,0,0,0,176.0320878,0.304283661301006,1,1," "
"500564","43646","535","2671","449.1089172363281","44179","287.056","0.1709908","162.0529",1,0,0,0,0,0,0,0,0,0,162.0528233,0.777130738510667,1,1,"Biggest NL (One)"
"629214","44180","538","2686","593.1511840820312","44439","285.0402","1","308.1109",1,1,0,0,0,0,0,0,0,0,308.110732,0.685084499672772,2,0.5,"Biggest NL (One)"
"9244","44440","541","2701","447.0932922363281","44807","271.0615","0.01923739","176.0318",0,0,0,1,0,0,0,0,0,0,176.0320878,1.87786384148097,1,1," "
"500565","44440","541","2701","447.0932922363281","44807","285.0404","1","162.0529",1,0,0,0,0,0,0,0,0,0,162.0528233,0.64137272858383,1,1,"Biggest NL (One)"
"30037","44440","541","2701","447.0932922363281","44807","301.0347","0.03251551","146.0586",0,1,0,0,0,0,0,0,0,0,146.0579087,4.41286260788694,1,1," "
"54671","44808","544","2716","489.1613464355469","45363","151.0755","0.07610614","338.0859",1,0,0,1,0,0,0,0,0,0,338.0849111,2.86417033591896,2,0.5,"Biggest NL (One)"
"3465","44808","544","2716","489.1613464355469","45363","167.0705","0.02583646","322.0908",0,1,0,1,0,0,0,0,0,0,322.0899965,2.55497982948819,2,0.5," "
"579714","44808","544","2716","489.1613464355469","45363","195.0656","0.01137036","294.0957",1,0,1,0,0,0,0,0,0,0,294.0950819,2.1133785348323,2,0.5," "
"51311","45364","553","2761","473.1089172363281","46466","165.0184","0.02320524","308.0905",1,0,0,0,0,1,0,0,0,0,308.0895986,3.05636235188509,2,1,"Biggest NL (One)"
"500566","45364","553","2761","473.1089172363281","46466","311.0563","0.563803","162.0526",1,0,0,0,0,0,0,0,0,0,162.0528233,1.34563508897783,1,1," "
"30038","45364","553","2761","473.1089172363281","46466","327.051","0.4904976","146.0579",0,1,0,0,0,0,0,0,0,0,146.0579087,0.250149542223253,1,1," "
"500567","46467","559","2791","417.1191101074219","46735","255.0663","1","162.0528",1,0,0,0,0,0,0,0,0,0,162.0528233,0.106092443200162,1,1,"Biggest NL (One)"
"9245","46736","565","2821","429.08270263671886","46993","253.0506","1","176.0321",0,0,0,1,0,0,0,0,0,0,176.0320878,0.249026802470371,1,1,"Biggest NL (One)"
"629215","46994","571","2851","595.1668090820312","47390","287.0564","0.08899749","308.1104",1,1,0,0,0,0,0,0,0,0,308.110732,0.973410626526071,2,0.5,"Biggest NL (One)"
"9246","47391","577","2881","449.1089172363281","47924","273.0769","0.01852737","176.032",0,0,0,1,0,0,0,0,0,0,176.0320878,0.304283661301006,1,1," "
"500568","47391","577","2881","449.1089172363281","47924","287.056","0.1709908","162.0529",1,0,0,0,0,0,0,0,0,0,162.0528233,0.777130738510667,1,1,"Biggest NL (One)"
"42903","47925","580","2896","375.1296691894531","48435","83.01248","0.01243951","292.1172",0,2,0,0,0,0,0,0,0,0,292.1158174,4.68233134691049,2,0.5,"Biggest NL (One)"
"500569","47925","580","2896","375.1296691894531","48435","213.0761","0.06366289","162.0535",1,0,0,0,0,0,0,0,0,0,162.0528233,4.40526918143843,1,1," "
"500570","48436","601","3001","461.1089172363281","49016","299.0561","0.2020421","162.0528",1,0,0,0,0,0,0,0,0,0,162.0528233,0.179346934594182,1,1,"Biggest NL (One)"
"30039","48436","601","3001","461.1089172363281","49016","315.0514","0.1276789","146.0575",0,1,0,0,0,0,0,0,0,0,146.0579087,2.97460759291669,1,1," "
"500571","49017","604","3016","401.1241760253906","50035","239.0712","0.7351562","162.053",1,0,0,0,0,0,0,0,0,0,162.0528233,1.18310289139373,1,1,"Biggest NL (One)"
"300310","49017","604","3016","401.1241760253906","50035","255.0665","0.01871255","146.0577",0,1,0,0,0,0,0,0,0,0,146.0579087,1.32601423574032,1,1," "
"500572","50036","613","3061","521.1300659179688","50564","359.0773","0.3642668","162.0527",1,0,0,0,0,0,0,0,0,0,162.0528233,0.625611406167265,1,1,"Biggest NL (One)"
"700712","50565","616","3076","635.1617431640625","51497","311.0565","0.04394916","324.1053",2,0,0,0,0,0,0,0,0,0,324.1056466,1.15220568256923,2,0.5,"Biggest NL (One)"
"629216","50565","616","3076","635.1617431640625","51497","327.0511","0.03540667","308.1106",1,1,0,0,0,0,0,0,0,0,308.110732,0.304552734856832,2,0.5," "
"700713","51498","631","3151","471.1507873535156","51995","147.044","0.6203347","324.1067",2,0,0,0,0,0,0,0,0,0,324.1056466,3.36849989975048,2,0.5,"Biggest NL (One)"
"9247","51996","637","3181","445.07763671875","52277","269.0457","1","176.0319",0,0,0,1,0,0,0,0,0,0,176.0320878,0.977557105546854,1,1,"Biggest NL (One)"
"500573","52278","658","3286","491.1195068359375","52651","329.0667","1","162.0529",1,0,0,0,0,0,0,0,0,0,162.0528233,0.194602789043814,1,1,"Biggest NL (One)"
"5867","52652","661","3301","605.1511840820312","53422","165.0183","0.01372231","440.1329",1,0,1,0,0,1,0,0,0,0,440.1318572,2.36492667506474,3,0.6667,"Biggest NL (One)"
"54672","52652","661","3301","605.1511840820312","53422","267.0661","0.1815791","338.0851",1,0,0,1,0,0,0,0,0,0,338.0849111,0.452495680795178,2,0.5," "
"700714","52652","661","3301","605.1511840820312","53422","281.0452","0.1304811","324.1059",2,0,0,0,0,0,0,0,0,0,324.1056466,0.920939698262819,2,0.5," "
"21781","52652","661","3301","605.1511840820312","53422","297.0765","0.1142171","308.0747",0,0,1,1,0,0,0,0,0,0,308.0743464,1.06689078273227,2,0.5," "
"579715","52652","661","3301","605.1511840820312","53422","311.0558","1","294.0954",1,0,1,0,0,0,0,0,0,0,294.0950819,0.939090072694189,2,0.5," "
"42904","52652","661","3301","605.1511840820312","53422","313.0352","0.01329755","292.116",0,2,0,0,0,0,0,0,0,0,292.1158174,0.491866417621345,2,0.5," "
"629217","53423","664","3316","579.1719360351562","53940","271.0609","1","308.111",1,1,0,0,0,0,0,0,0,0,308.110732,0.990016973083738,2,0.5,"Biggest NL (One)"
"579716","53941","676","3376","375.1296691894531","54403","81.03331","0.03195265","294.0964",1,0,1,0,0,0,0,0,0,0,294.0950819,4.33969825716651,2,1,"Biggest NL (One)"
"42905","53941","676","3376","375.1296691894531","54403","83.01256","0.01991243","292.1171",0,2,0,0,0,0,0,0,0,0,292.1158174,4.4187396662633,2,0.5," "
"500574","53941","676","3376","375.1296691894531","54403","213.0764","0.634976","162.0533",1,0,0,0,0,0,0,0,0,0,162.0528233,2.88108592288556,1,1," "
"77221","54404","694","3466","545.1664428710938","55934","59.01251","0.05689561","486.1539",3,0,0,0,0,0,0,0,0,0,486.1584699,9.34072242675274,3,0.3333,"Biggest NL (One)"
"42906","54404","694","3466","545.1664428710938","55934","253.0504","0.01686309","292.116",0,2,0,0,0,0,0,0,0,0,292.1158174,0.747891477859332,2,1," "
"300311","54404","694","3466","545.1664428710938","55934","399.1086","0.08140848","146.0578",0,1,0,0,0,0,0,0,0,0,146.0579087,0.512323812099128,1,1," "
"50062","55935","703","3511","421.114013671875","56553","97.02817","0.01986394","324.0858",1,0,0,0,0,0,0,0,0,1,324.0845186,4.08864472459262,2,0.5,"Biggest NL (One)"
"9248","55935","703","3511","421.114013671875","56553","245.0817","0.4701068","176.0324",0,0,0,1,0,0,0,0,0,0,176.0320878,1.49899647706902,1,1," "
"171613","55935","703","3511","421.114013671875","56553","289.0717","1","132.0423",0,0,1,0,0,0,0,0,0,0,132.0422586,0.0611309938138201,1,1," "
"300312","56554","712","3556","475.12457275390614","57019","329.0666","1","146.058",0,1,0,0,0,0,0,0,0,0,146.0579087,0.691875141584914,1,1,"Biggest NL (One)"
"75022","57020","715","3571","739.2091064453125","57708","269.0453","0.2225759","470.1639",2,1,0,0,0,0,0,0,0,0,470.1635553,0.634130655362518,3,0.3333," "
"67871","57020","715","3571","739.2091064453125","57708","285.0384","0.2263804","454.1707",1,2,0,0,0,0,0,0,0,0,454.1686407,4.53517875658289,3,0.3333,"Biggest NL (One)"
"500575","57709","718","3586","359.1347351074219","58020","197.0812","0.01918253","162.0535",1,0,0,0,0,0,0,0,0,0,162.0528233,4.12707812202543,1,1,"Biggest NL (One)"
"629218","58021","724","3616","607.1668090820312","58685","299.056","1","308.1108",1,1,0,0,0,0,0,0,0,0,308.110732,0.370262951455368,2,0.5,"Biggest NL (One)"
"629219","58686","727","3631","591.1719360351562","59565","283.0611","1","308.1108",1,1,0,0,0,0,0,0,0,0,308.110732,0.233796268536081,2,0.5,"Biggest NL (One)"
"42907","58686","727","3631","591.1719360351562","59565","299.0562","0.1587438","292.1157",0,2,0,0,0,0,0,0,0,0,292.1158174,0.261419817538114,2,0.5," "
"25081","59566","733","3661","357.1191101074219","60468","93.03318","0.04698122","264.0859",0,0,2,0,0,0,0,0,0,0,264.0845172,5.33882072898154,2,0.5,"Biggest NL (One)"
"500576","59566","733","3661","357.1191101074219","60468","195.0654","0.01138163","162.0537",1,0,0,0,0,0,0,0,0,0,162.0528233,5.70679439804557,1,1," "
"629220","60469","736","3676","595.1668090820312","60949","287.0559","0.2694099","308.1109",1,1,0,0,0,0,0,0,0,0,308.110732,0.603944944404055,2,0.5,"Biggest NL (One)"
"629221","60950","739","3691","609.1824951171875","61458","301.0717","1","308.1108",1,1,0,0,0,0,0,0,0,0,308.110732,0.130203780996878,2,0.5,"Biggest NL (One)"
"17721","61459","742","3706","445.114013671875","62079","137.0234","0.01004732","308.0906",0,0,1,0,0,0,1,0,0,0,308.0896039,3.12171803406668,2,0.5," "
"30041","61459","742","3706","445.114013671875","62079","137.0234","0.01004732","308.0906",0,1,0,0,0,0,0,0,0,1,308.089604,3.12139345429442,2,1,"Biggest NL (One)"
"500577","61459","742","3706","445.114013671875","62079","283.061","0.295354","162.053",1,0,0,0,0,0,0,0,0,0,162.0528233,1.00196780889389,1,1," "
"300313","61459","742","3706","445.114013671875","62079","299.0564","0.1202937","146.0576",0,1,0,0,0,0,0,0,0,0,146.0579087,2.16372267407378,1,1," "
"629222","62080","745","3721","579.1719360351562","62342","271.0613","1","308.1107",1,1,0,0,0,0,0,0,0,0,308.110732,0.227076996616021,2,0.5,"Biggest NL (One)"
"579717","62080","745","3721","579.1719360351562","62342","285.077","0.02034657","294.095",1,0,1,0,0,0,0,0,0,0,294.0950819,0.336166373047183,2,0.5," "
"37952","62343","748","3736","373.114013671875","63140","95.01257","0.02380905","278.1014",0,1,1,0,0,0,0,0,0,0,278.1001673,4.57520779654824,2,0.5,"Biggest NL (One)"
"500578","63141","751","3751","429.1191101074219","64204","267.0665","0.04685973","162.0527",1,0,0,0,0,0,0,0,0,0,162.0528233,1.06257180587439,1,1,"Biggest NL (One)"
"9249","64205","757","3781","459.0932922363281","64437","283.0611","0.3020033","176.0322",0,0,0,1,0,0,0,0,0,0,176.0320878,0.451260297300824,1,1,"Biggest NL (One)"
"92410","64438","760","3796","461.0725402832031","64823","285.0403","1","176.0322",0,0,0,1,0,0,0,0,0,0,176.0320878,0.786692334842003,1,1,"Biggest NL (One)"
"500579","64824","763","3811","447.0932922363281","65193","285.04","1","162.0533",1,0,0,0,0,0,0,0,0,0,162.0528233,2.71476377170707,1,1,"Biggest NL (One)"
"300314","64824","763","3811","447.0932922363281","65193","301.0341","0.01043866","146.0592",0,1,0,0,0,0,0,0,0,0,146.0579087,9.08218043162899,1,1," "
"500580","65194","766","3826","431.0983581542969","65954","269.0451","0.6263725","162.0533",1,0,0,0,0,0,0,0,0,0,162.0528233,2.77596550903861,1,1,"Biggest NL (One)"
"300315","65194","766","3826","431.0983581542969","65954","285.0405","0.1815902","146.0578",0,1,0,0,0,0,0,0,0,0,146.0579087,0.592544115799951,1,1," "
"9251","65955","769","3841","431.0983581542969","66632","93.03328","0.02992841","338.0651",0,0,0,1,0,0,0,0,0,1,338.0637831,3.82191001639481,2,0.5," "
"50063","65955","769","3841","431.0983581542969","66632","107.0126","0.02451518","324.0857",1,0,0,0,0,0,0,0,0,1,324.0845186,3.71986239153973,2,1,"Biggest NL (One)"
"17171","65955","769","3841","431.0983581542969","66632","137.0233","0.02798743","294.0751",0,0,1,0,0,0,0,0,0,1,294.0739539,3.7754112206393,2,0.5," "
"500581","65955","769","3841","431.0983581542969","66632","269.0452","0.6178771","162.0532",1,0,0,0,0,0,0,0,0,0,162.0528233,2.31315581015693,1,1," "
"300316","65955","769","3841","431.0983581542969","66632","285.0405","0.1894539","146.0579",0,1,0,0,0,0,0,0,0,0,146.0579087,0.339219699696655,1,1," "
"61271","66633","778","3886","547.1668090820312","67103","121.0282","0.02719358","426.1386",1,0,2,0,0,0,0,0,0,0,426.1373405,2.8666310442934,3,0.3333,"Biggest NL (One)"
"700715","66633","778","3886","547.1668090820312","67103","223.0606","0.6887637","324.1062",2,0,0,0,0,0,0,0,0,0,324.1056466,1.63983924772541,2,0.5," "
"47851","67104","781","3901","517.15625","67497","78.98452","0.02176313","438.1717",0,3,0,0,0,0,0,0,0,0,438.1737261,4.56008425975716,3,0.3333,"Biggest NL (One)"
"50611","67104","781","3901","517.15625","67497","179.0552","0.01814331","338.1011",1,0,0,0,0,0,1,0,0,0,338.1001686,2.74888193341902,2,0.5," "
"700716","67104","781","3901","517.15625","67497","193.0499","0.09177012","324.1064",2,0,0,0,0,0,0,0,0,0,324.1056466,2.27517888074472,2,0.5," "
"42908","67498","784","3916","593.1511840820312","68007","301.034","0.0443703","292.1172",0,2,0,0,0,0,0,0,0,0,292.1158174,4.79150816663324,2,0.5,"Biggest NL (One)"
"579718","68008","787","3931","563.140625","68186","269.0455","1","294.0951",1,0,1,0,0,0,0,0,0,0,294.0950819,0.0921470610186735,2,0.5,"Biggest NL (One)"
"500582","68187","790","3946","521.1300659179688","68497","359.0772","0.3618137","162.0529",1,0,0,0,0,0,0,0,0,0,162.0528233,0.411087816916647,1,1,"Biggest NL (One)"
"629223","68498","793","3961","577.15625","68672","269.0455","1","308.1108",1,1,0,0,0,0,0,0,0,0,308.110732,0.107104339669436,2,0.5,"Biggest NL (One)"
"629224","68673","796","3976","621.1824951171875","68909","313.0719","0.2517169","308.1106",1,1,0,0,0,0,0,0,0,0,308.110732,0.489703443256972,2,0.5,"Biggest NL (One)"
"7667","68910","800","3996","1087.5694580078123","69506","471.3475","0.065765","616.222",2,2,0,0,0,0,0,0,0,0,616.221464,0.813031408757743,4,1,"Biggest NL (One)"
"75023","68910","800","3996","1087.5694580078123","69506","617.406","0.7116153","470.1634",2,1,0,0,0,0,0,0,0,0,470.1635553,0.25585185652429,3,1," "
"629225","68910","800","3996","1087.5694580078123","69506","779.4591","0.2760864","308.1104",1,1,0,0,0,0,0,0,0,0,308.110732,1.17163270579032,2,1," "
"500583","68910","800","3996","1087.5694580078123","69506","925.5173","0.0270449","162.0522",1,0,0,0,0,0,0,0,0,0,162.0528233,4.08690747222113,1,1," "
"76222","69799","806","4026","1073.5537109375","70250","471.3476","0.0183306","602.2061",2,1,1,0,0,0,0,0,0,0,602.2058139,0.428487044551084,4,1.25,"Biggest NL (One)"
"75024","69799","806","4026","1073.5537109375","70250","603.3904","0.1476128","470.1633",2,1,0,0,0,0,0,0,0,0,470.1635553,0.579293428286195,3,0.6667," "
"66221","69799","806","4026","1073.5537109375","70250","633.4005","0.02281776","440.1532",1,1,1,0,0,0,0,0,0,0,440.1529906,0.559663042973964,3,0.6667," "
"700717","69799","806","4026","1073.5537109375","70250","749.4478","0.2549217","324.1059",2,0,0,0,0,0,0,0,0,0,324.1056466,0.676746467812783,2,0.5," "
"579719","69799","806","4026","1073.5537109375","70250","779.4572","0.01628606","294.0965",1,0,1,0,0,0,0,0,0,0,294.0950819,4.94748260254082,2,0.5," "
"629226","70251","809","4041","885.4852905273438","70779","577.3738","0.1403427","308.1115",1,1,0,0,0,0,0,0,0,0,308.110732,2.36124727358718,2,1.5,"Biggest NL (One)"
"500584","70251","809","4041","885.4852905273438","70779","723.4327","0.01427075","162.0526",1,0,0,0,0,0,0,0,0,0,162.0528233,1.36852265339728,1,1," "
"300317","70251","809","4041","885.4852905273438","70779","739.4281","0.04565348","146.0572",0,1,0,0,0,0,0,0,0,0,146.0579087,4.60211812978725,1,1," "
"700718","70780","812","4056","783.489990234375","71308","459.3842","0.1813454","324.1058",2,0,0,0,0,0,0,0,0,0,324.1056466,0.563502283884948,2,1,"Biggest NL (One)"
"500585","70780","812","4056","783.489990234375","71308","621.4367","0.05211223","162.0533",1,0,0,0,0,0,0,0,0,0,162.0528233,3.13436552749474,1,1," "
"700719","71309","818","4086","697.3440551757812","71700","373.2382","0.6587632","324.1058",2,0,0,0,0,0,0,0,0,0,324.1056466,0.501613289992153,2,1,"Biggest NL (One)"
"500586","71309","818","4086","697.3440551757812","71700","535.2912","0.2724361","162.0528",1,0,0,0,0,0,0,0,0,0,162.0528233,0.030087603258113,1,1," "
"500587","71701","821","4101","551.2861328125","72222","389.2334","0.8897952","162.0528",1,0,0,0,0,0,0,0,0,0,162.0528233,0.379428892721142,1,1,"Biggest NL (One)"
"300318","71701","821","4101","551.2861328125","72222","405.2283","0.1567178","146.0579",0,1,0,0,0,0,0,0,0,0,146.0579087,0.348406451683491,1,1," "
"7842","72223","827","4131","1077.5850830078123","72676","459.3847","0.111928","618.2004",3,0,1,0,0,0,0,0,0,0,618.2007285,0.490928468120595,4,1,"Biggest NL (One)"
"7337","72223","827","4131","1077.5850830078123","72676","621.4376","0.1527336","456.1475",2,0,1,0,0,0,0,0,0,0,456.1479052,0.844446524011716,3,1," "
"579720","72223","827","4131","1077.5850830078123","72676","783.4906","0.06828397","294.0945",1,0,1,0,0,0,0,0,0,0,294.0950819,1.91738421892103,2,1," "
"171614","72223","827","4131","1077.5850830078123","72676","945.5419","0.01960286","132.0432",0,0,1,0,0,0,0,0,0,0,132.0422586,7.2128495285339,1,1," "
"78421","72677","830","4146","1077.5850830078123","73182","459.3846","0.08326534","618.2005",3,0,1,0,0,0,0,0,0,0,618.2007285,0.44240049566588,4,0.75,"Biggest NL (One)"
"73371","72677","830","4146","1077.5850830078123","73182","621.4373","0.1036941","456.1478",2,0,1,0,0,0,0,0,0,0,456.1479052,0.307339416109804,3,0.6667," "
"579721","72677","830","4146","1077.5850830078123","73182","783.4909","0.06190165","294.0942",1,0,1,0,0,0,0,0,0,0,294.0950819,3.13808404361393,2,0.5," "
"77222","73183","833","4161","945.5427856445312","73707","459.3844","0.131266","486.1584",3,0,0,0,0,0,0,0,0,0,486.1584699,0.115714275750501,3,0.6667,"Biggest NL (One)"
"700720","73183","833","4161","945.5427856445312","73707","621.4371","0.1139713","324.1056",2,0,0,0,0,0,0,0,0,0,324.1056466,0.0183750851265215,2,0.5," "
"300319","73708","836","4176","583.2760009765625","74322","437.2183","0.7784708","146.0577",0,1,0,0,0,0,0,0,0,0,146.0579087,1.14148990130456,1,1,"Biggest NL (One)"
"700721","74323","842","4206","857.4176025390625","74700","533.312","0.07034235","324.1056",2,0,0,0,0,0,0,0,0,0,324.1056466,0.228508683049183,2,0.5,"Biggest NL (One)"
"500588","74701","845","4221","711.3597412109375","75251","549.3073","0.029109","162.0524",1,0,0,0,0,0,0,0,0,0,162.0528233,2.48739921302665,1,1,"Biggest NL (One)"
"300320","75252","848","4236","583.2760009765625","75566","437.2179","0.13606","146.0581",0,1,0,0,0,0,0,0,0,0,146.0579087,1.0562687151104,1,1,"Biggest NL (One)"
"7978","75567","851","4251","1235.6065673828123","75979","455.3531","0.2104485","780.2535",4,0,1,0,0,0,0,0,0,0,780.2535518,0.0825593076026988,5,0.6," "
"7650","75567","851","4251","1235.6065673828123","75979","457.3687","0.2612463","778.2378",2,1,1,1,0,0,0,0,0,0,778.2379017,0.0852145509856943,5,1,"Biggest NL (One)"
"7658","75567","851","4251","1235.6065673828123","75979","501.3587","0.0344438","734.2479",2,1,2,0,0,0,0,0,0,0,734.2480725,0.254841983774,5,1," "
"629227","75567","851","4251","1235.6065673828123","75979","927.4972","0.0294906","308.1094",1,1,0,0,0,0,0,0,0,0,308.110732,4.39005521504216,2,1," "
"579722","75567","851","4251","1235.6065673828123","75979","941.5124","0.02858369","294.0942",1,0,1,0,0,0,0,0,0,0,294.0950819,3.09260527113793,2,1," "
"300321","75567","851","4251","1235.6065673828123","75979","1089.548","0.04255922","146.0586",0,1,0,0,0,0,0,0,0,0,146.0579087,4.94104874425735,1,1," "
"171615","75567","851","4251","1235.6065673828123","75979","1103.564","0.02186911","132.0421",0,0,1,0,0,0,0,0,0,0,132.0422586,0.91801897506941,1,1," "
"700722","75980","854","4266","799.4849243164062","76416","475.3792","0.4828526","324.1057",2,0,0,0,0,0,0,0,0,0,324.1056466,0.224360145171833,2,1,"Biggest NL (One)"
"500589","75980","854","4266","799.4849243164062","76416","637.4321","0.0433716","162.0528",1,0,0,0,0,0,0,0,0,0,162.0528233,0.123517772358128,1,1," "
"629228","76417","857","4281","549.2705078125","76712","241.1594","0.0124262","308.1111",1,1,0,0,0,0,0,0,0,0,308.110732,1.10938076893192,2,1," "
"42909","76417","857","4281","549.2705078125","76712","257.1545","0.01308611","292.116",0,2,0,0,0,0,0,0,0,0,292.1158174,0.675801702126865,2,1,"Biggest NL (One)"
"300322","76417","857","4281","549.2705078125","76712","403.2126","0.02710327","146.0579",0,1,0,0,0,0,0,0,0,0,146.0579087,0.293633620911587,1,1," "
"500590","76713","860","4296","417.0827026367188","77008","255.0298","0.1431919","162.0529",1,0,0,0,0,0,0,0,0,0,162.0528233,0.625331008624486,1,1,"Biggest NL (One)"
"67872","77009","863","4311","739.2091064453125","77476","285.0388","0.2776292","454.1703",1,2,0,0,0,0,0,0,0,0,454.1686407,3.64344680644256,3,0.3333,"Biggest NL (One)"
"700723","77477","866","4326","595.1304321289062","77814","271.0249","0.03960967","324.1055",2,0,0,0,0,0,0,0,0,0,324.1056466,0.455009538938037,2,0.5,"Biggest NL (One)"
"429010","77815","869","4341","577.15625","78165","285.0406","1","292.1157",0,2,0,0,0,0,0,0,0,0,292.1158174,0.466938301658466,2,1,"Biggest NL (One)"
"300323","77815","869","4341","577.15625","78165","431.0971","0.1239615","146.0591",0,1,0,0,0,0,0,0,0,0,146.0579087,8.36168201191824,1,1," "
"500591","78166","872","4356","433.07763671875","78552","271.0249","0.05999439","162.0527",1,0,0,0,0,0,0,0,0,0,162.0528233,0.472569898247637,1,1," "
"171616","78166","872","4356","433.07763671875","78552","301.0347","0.6402393","132.0429",0,0,1,0,0,0,0,0,0,0,132.0422586,4.99170089085511,1,1,"Biggest NL (One)"
"300324","78553","875","4371","431.0983581542969","78871","285.04","0.9430121","146.0584",0,1,0,0,0,0,0,0,0,0,146.0579087,3.04983785049065,1,1,"Biggest NL (One)"
"92411","79174","881","4401","461.0725402832031","79448","285.0405","1","176.032",0,0,0,1,0,0,0,0,0,0,176.0320878,0.321059732414982,1,1,"Biggest NL (One)"
"629229","79449","884","4416","593.1511840820312","79889","285.04","1","308.1112",1,1,0,0,0,0,0,0,0,0,308.110732,1.42832221338004,2,0.5,"Biggest NL (One)"
"300325","79890","887","4431","447.0932922363281","80088","301.0345","0.7197412","146.0588",0,1,0,0,0,0,0,0,0,0,146.0579087,6.11764792298856,1,1,"Biggest NL (One)"
"92412","80089","890","4446","477.0674743652344","80345","301.0353","1","176.0322",0,0,0,1,0,0,0,0,0,0,176.0320878,0.645138977283856,1,1,"Biggest NL (One)"
"300326","80346","893","4461","477.1038513183594","80785","331.0457","0.09895037","146.0581",0,1,0,0,0,0,0,0,0,0,146.0579087,1.33931876151403,1,1,"Biggest NL (One)"
"76671","80786","896","4476","917.2568359375","81155","301.0335","0.2753509","616.2233",2,2,0,0,0,0,0,0,0,0,616.221464,3.00043419512636,4,0.25,"Biggest NL (One)"
"67873","81156","899","4491","755.2039794921875","81488","301.0318","0.1646734","454.1722",1,2,0,0,0,0,0,0,0,0,454.1686407,7.84678620201734,3,0.3333,"Biggest NL (One)"
"629230","81900","905","4521","593.1511840820312","82285","285.0403","0.03498345","308.1109",1,1,0,0,0,0,0,0,0,0,308.110732,0.441665794180334,2,0.5," "
"429011","81900","905","4521","593.1511840820312","82285","301.0351","1","292.1161",0,2,0,0,0,0,0,0,0,0,292.1158174,0.85131240676052,2,0.5,"Biggest NL (One)"
"700724","82286","908","4536","609.1461181640625","82742","285.0387","0.3037505","324.1075",2,0,0,0,0,0,0,0,0,0,324.1056466,5.57705180579415,2,0.5,"Biggest NL (One)"
"37953","82743","911","4551","563.140625","83098","285.0406","0.5525666","278.1001",0,1,1,0,0,0,0,0,0,0,278.1001673,0.34268239958648,2,1,"Biggest NL (One)"
"300327","82743","911","4551","563.140625","83098","417.0828","0.0723743","146.0578",0,1,0,0,0,0,0,0,0,0,146.0579087,0.737379306435896,1,1," "
"67874","83099","914","4566","753.2247314453125","83483","299.0558","1","454.1689",1,2,0,0,0,0,0,0,0,0,454.1686407,0.657784552371922,3,0.3333,"Biggest NL (One)"
"629231","83484","917","4581","593.1511840820312","83876","285.0403","1","308.1109",1,1,0,0,0,0,0,0,0,0,308.110732,0.477367211811286,2,1,"Biggest NL (One)"
"300328","83484","917","4581","593.1511840820312","83876","447.0933","0.1345023","146.0579",0,1,0,0,0,0,0,0,0,0,146.0579087,0.209629012283882,1,1," "
"700725","83877","920","4596","579.1355590820312","84267","255.0297","0.08072964","324.1058",2,0,0,0,0,0,0,0,0,0,324.1056466,0.559946830805764,2,0.5," "
"579723","83877","920","4596","579.1355590820312","84267","285.0383","0.2503876","294.0973",1,0,1,0,0,0,0,0,0,0,294.0950819,7.46753606685441,2,0.5,"Biggest NL (One)"
"300329","84268","923","4611","519.1143798828125","84595","373.0557","0.8479956","146.0587",0,1,0,0,0,0,0,0,0,0,146.0579087,5.54011992068046,1,1,"Biggest NL (One)"
"700726","84596","926","4626","639.1566772460938","85032","315.0482","0.2221609","324.1085",2,0,0,0,0,0,0,0,0,0,324.1056466,8.8292840853289,2,0.5,"Biggest NL (One)"
"700727","85451","932","4656","623.1617431640625","85908","299.0544","0.3489362","324.1073",2,0,0,0,0,0,0,0,0,0,324.1056466,5.10498855336763,2,0.5,"Biggest NL (One)"
"77223","85909","935","4671","757.1832885742188","86375","271.0248","0.01133296","486.1585",3,0,0,0,0,0,0,0,0,0,486.1584699,0.000670113244831588,3,0.6667," "
"73372","85909","935","4671","757.1832885742188","86375","301.0328","0.2074225","456.1505",2,0,1,0,0,0,0,0,0,0,456.1479052,5.58450442036028,3,1,"Biggest NL (One)"
"579724","85909","935","4671","757.1832885742188","86375","463.0853","0.01875933","294.098",1,0,1,0,0,0,0,0,0,0,294.0950819,9.86975216072764,2,1," "
"500592","85909","935","4671","757.1832885742188","86375","595.1304","0.0615908","162.0529",1,0,0,0,0,0,0,0,0,0,162.0528233,0.439820707389216,1,1," "
"67875","86376","938","4686","739.2091064453125","86813","285.0404","0.2241617","454.1687",1,2,0,0,0,0,0,0,0,0,454.1686407,0.239438122266306,3,0.3333,"Biggest NL (One)"
"47852","86376","938","4686","739.2091064453125","86813","301.0355","0.024849","438.1736",0,3,0,0,0,0,0,0,0,0,438.1737261,0.282204785424055,3,0.3333," "
"629232","86814","941","4701","593.1511840820312","87323","285.0395","0.4650707","308.1117",1,1,0,0,0,0,0,0,0,0,308.110732,3.07707267374897,2,0.5,"Biggest NL (One)"
"429012","86814","941","4701","593.1511840820312","87323","301.0352","0.01027615","292.116",0,2,0,0,0,0,0,0,0,0,292.1158174,0.656184616181394,2,0.5," "
"67876","87324","944","4716","769.2196655273438","87660","315.0503","0.5311104","454.1693",1,2,0,0,0,0,0,0,0,0,454.1686407,1.48805152440858,3,0.3333,"Biggest NL (One)"
"73373","87661","947","4731","801.20947265625","88072","345.0595","0.3079685","456.15",2,0,1,0,0,0,0,0,0,0,456.1479052,4.58940317027064,3,0.3333,"Biggest NL (One)"
"629233","88073","950","4746","607.1668090820312","88544","299.0542","0.3387632","308.1126",1,1,0,0,0,0,0,0,0,0,308.110732,5.9883372782965,2,0.5,"Biggest NL (One)"
"629234","89003","956","4776","623.1617431640625","89366","315.0505","1","308.1113",1,1,0,0,0,0,0,0,0,0,308.110732,1.69797128074376,2,0.5,"Biggest NL (One)"
"67877","89367","959","4791","755.2039794921875","89814","301.0344","0.4898532","454.1696",1,2,0,0,0,0,0,0,0,0,454.1686407,2.17053746005599,3,0.3333,"Biggest NL (One)"
"300330","89815","962","4806","477.1038513183594","90113","331.0451","0.8411771","146.0588",0,1,0,0,0,0,0,0,0,0,146.0579087,5.7690371291965,1,1,"Biggest NL (One)"
"300331","90114","965","4821","461.1089172363281","90414","315.0508","1","146.0581",0,1,0,0,0,0,0,0,0,0,146.0579087,1.42091609497515,1,1,"Biggest NL (One)"
"700728","90415","968","4836","579.1355590820312","90852","255.0295","0.08308063","324.1061",2,0,0,0,0,0,0,0,0,0,324.1056466,1.26033446419919,2,0.5," "
"579725","90415","968","4836","579.1355590820312","90852","285.0378","0.2389155","294.0978",1,0,1,0,0,0,0,0,0,0,294.0950819,9.18463921390187,2,0.5,"Biggest NL (One)"
"500593","91163","974","4866","433.07763671875","91507","271.0248","0.04540026","162.0528",1,0,0,0,0,0,0,0,0,0,162.0528233,0.0581214769566015,1,1,"Biggest NL (One)"
"629235","91508","977","4881","609.1461181640625","91723","301.0342","0.4625781","308.112",1,1,0,0,0,0,0,0,0,0,308.110732,3.97311444117717,2,0.5,"Biggest NL (One)"
"4125","91724","980","4896","881.4903564453125","92065","471.3478","1","410.1426",0,1,2,0,0,0,0,0,0,0,410.1424259,0.340236113609219,3,1,"Biggest NL (One)"
"37954","91724","980","4896","881.4903564453125","92065","603.39","0.8951706","278.1004",0,1,1,0,0,0,0,0,0,0,278.1001673,0.802391223451914,2,1," "
"171617","91724","980","4896","881.4903564453125","92065","749.4475","0.2225588","132.0429",0,0,1,0,0,0,0,0,0,0,132.0422586,4.68669968749867,1,1," "
"6502","92066","989","4941","909.4852905273438","92397","425.3421","0.02052705","484.1432",1,1,0,1,0,0,0,0,0,0,484.1428198,0.736822000351122,3,0.3333," "
"4005","92066","989","4941","909.4852905273438","92397","455.3531","0.0306784","454.1322",0,1,1,1,0,0,0,0,0,0,454.1322551,0.159805138521776,3,0.3333,"Biggest NL (One)"
"65021","92398","992","4956","941.5115356445312","92706","457.3685","0.138139","484.1431",1,1,0,1,0,0,0,0,0,0,484.1428198,0.509858651849284,3,0.3333,"Biggest NL (One)"
"77224","92707","997","4981","925.5166015625","93081","439.3581","0.225109","486.1585",3,0,0,0,0,0,0,0,0,0,486.1584699,0.0754126473432793,3,0.3333," "
"65022","92707","997","4981","925.5166015625","93081","441.3736","0.09452942","484.143",1,1,0,1,0,0,0,0,0,0,484.1428198,0.449789593432855,3,1,"Biggest NL (One)"
"629236","92707","997","4981","925.5166015625","93081","617.4067","0.02512357","308.1099",1,1,0,0,0,0,0,0,0,0,308.110732,2.85105292745707,2,1," "
"300332","92707","997","4981","925.5166015625","93081","779.4589","0.03585694","146.0577",0,1,0,0,0,0,0,0,0,0,146.0579087,1.64412798280116,1,1," "
"4209","93082","1000","4996","1087.4967041015623","93475","501.3222","0.05290713","586.1745",0,1,2,1,0,0,0,0,0,0,586.1745137,0.0245687274608678,4,0.5,"Biggest NL (One)"
"92413","93082","1000","4996","1087.4967041015623","93475","911.4658","0.02352445","176.0309",0,0,0,1,0,0,0,0,0,0,176.0320878,6.73574027982854,1,1," "
"500594","93476","1003","5011","649.3956909179688","93878","487.3432","1","162.0525",1,0,0,0,0,0,0,0,0,0,162.0528233,2.19917683481512,1,1,"Biggest NL (One)"
"73374","93879","1006","5026","895.5060424804688","94237","439.3578","0.1287937","456.1482",2,0,1,0,0,0,0,0,0,0,456.1479052,0.636373160320419,3,0.3333," "
"40051","93879","1006","5026","895.5060424804688","94237","441.3737","0.04942286","454.1324",0,1,1,1,0,0,0,0,0,0,454.1322551,0.240855920553845,3,0.6667,"Biggest NL (One)"
"300333","93879","1006","5026","895.5060424804688","94237","749.448","0.02428605","146.058",0,1,0,0,0,0,0,0,0,0,146.0579087,0.799548455701098,1,1," "
"54673","94238","1009","5041","809.432861328125","94646","471.3477","0.3053571","338.0851",1,0,0,1,0,0,0,0,0,0,338.0849111,0.639567101655256,2,1,"Biggest NL (One)"
"500595","94238","1009","5041","809.432861328125","94646","647.3811","0.2049584","162.0518",1,0,0,0,0,0,0,0,0,0,162.0528233,6.41135720481216,1,1," "
"75025","94647","1012","5056","1073.5537109375","95139","603.391","1","470.1628",2,1,0,0,0,0,0,0,0,0,470.1635553,1.69167481504276,3,0.3333,"Biggest NL (One)"
"500596","95140","1015","5071","681.3855590820312","95696","519.3322","1","162.0534",1,0,0,0,0,0,0,0,0,0,162.0528233,3.28769513993124,1,1,"Biggest NL (One)"
"13861","95697","1018","5086","821.396484375","96155","469.3325","0.01529552","352.064",0,0,0,2,0,0,0,0,0,0,352.0641756,0.440899924534144,2,1,"Biggest NL (One)"
"92414","95697","1018","5086","821.396484375","96155","645.3651","0.02161763","176.0314",0,0,0,1,0,0,0,0,0,0,176.0320878,4.11531778289275,1,1," "
"7703","96156","1021","5101","1219.6116943359377","96410","471.3477","0.05947423","748.264",2,2,1,0,0,0,0,0,0,0,748.2637226,0.335090217819256,5,0.6,"Biggest NL (One)"
"76672","96156","1021","5101","1219.6116943359377","96410","603.3908","0.05691791","616.2209",2,2,0,0,0,0,0,0,0,0,616.221464,0.948789763252982,4,0.5," "
"75026","96156","1021","5101","1219.6116943359377","96410","749.4486","1","470.1631",2,1,0,0,0,0,0,0,0,0,470.1635553,1.0655113318497,3,0.3333," "
"500597","96411","1027","5131","311.1136169433594","96605","149.0596","0.3045052","162.054",1,0,0,0,0,0,0,0,0,0,162.0528233,7.34102993045575,1,1,"Biggest NL (One)"
"629237","96606","1031","5151","593.1511840820312","96918","285.0403","1","308.1109",1,1,0,0,0,0,0,0,0,0,308.110732,0.620172856474281,2,0.5,"Biggest NL (One)"
"300334","97263","1039","5191","449.1089172363281","97516","303.0507","0.02634507","146.0582",0,1,0,0,0,0,0,0,0,0,146.0579087,1.84540387518035,1,1,"Biggest NL (One)"
"500598","97517","1042","5206","445.114013671875","97792","283.0599","0.2865573","162.0541",1,0,0,0,0,0,0,0,0,0,162.0528233,8.1292083593564,1,1,"Biggest NL (One)"
"300335","97517","1042","5206","445.114013671875","97792","299.0557","0.07716578","146.0583",0,1,0,0,0,0,0,0,0,0,146.0579087,2.73159316569191,1,1," "
"75027","97793","1045","5221","909.4852905273438","98114","439.322","0.01436654","470.1633",2,1,0,0,0,0,0,0,0,0,470.1635553,0.51210430248701,3,0.6667," "
"73375","97793","1045","5221","909.4852905273438","98114","453.3374","0.08472242","456.1479",2,0,1,0,0,0,0,0,0,0,456.1479052,0.0292171533998256,3,0.3333," "
"40052","97793","1045","5221","909.4852905273438","98114","455.3529","0.3171534","454.1324",0,1,1,1,0,0,0,0,0,0,454.1322551,0.36647316024289,3,1,"Biggest NL (One)"
"34651","97793","1045","5221","909.4852905273438","98114","587.3956","0.1179576","322.0896",0,1,0,1,0,0,0,0,0,0,322.0899965,1.09898801311143,2,1," "
"300336","97793","1045","5221","909.4852905273438","98114","763.4267","0.04685242","146.0586",0,1,0,0,0,0,0,0,0,0,146.0579087,4.89411255939651,1,1," "
"700729","98115","1051","5251","645.34912109375","98414","321.244","0.01110096","324.1051",2,0,0,0,0,0,0,0,0,0,324.1056466,1.57204003176415,2,1,"Biggest NL (One)"
"500599","98115","1051","5251","645.34912109375","98414","483.2961","0.03825357","162.053",1,0,0,0,0,0,0,0,0,0,162.0528233,1.33162420892662,1,1," "
"75028","98415","1054","5266","945.5427856445312","98738","475.379","0.4930315","470.1638",2,1,0,0,0,0,0,0,0,0,470.1635553,0.555858451947576,3,1,"Biggest NL (One)"
"629238","98415","1054","5266","945.5427856445312","98738","637.432","0.1233126","308.1108",1,1,0,0,0,0,0,0,0,0,308.110732,0.336387167363837,2,1," "
"5005100","98415","1054","5266","945.5427856445312","98738","783.4905","0.01481704","162.0522",1,0,0,0,0,0,0,0,0,0,162.0528233,3.62633361025507,1,1," "
"30042","98739","1057","5281","405.1191101074219","98963","97.02814","0.08746037","308.091",0,1,0,0,0,0,0,0,0,1,308.089604,4.43734984183159,2,0.5,"Biggest NL (One)"
"92415","98739","1057","5281","405.1191101074219","98963","229.0864","0.1657919","176.0327",0,0,0,1,0,0,0,0,0,0,176.0320878,3.37611979064681,1,1," "
"171618","98739","1057","5281","405.1191101074219","98963","273.0766","1","132.0425",0,0,1,0,0,0,0,0,0,0,132.0422586,1.87445262287081,1,1," "
"579726","99218","1063","5311","561.161376953125","99457","267.0661","1","294.0953",1,0,1,0,0,0,0,0,0,0,294.0950819,0.73123619181731,2,0.5,"Biggest NL (One)"
"579727","99458","1066","5326","593.1511840820312","99674","299.0557","1","294.0955",1,0,1,0,0,0,0,0,0,0,294.0950819,1.33691968955413,2,0.5,"Biggest NL (One)"
"700730","99675","1075","5371","491.21337890625","99955","167.1067","1","324.1067",2,0,0,0,0,0,0,0,0,0,324.1056466,3.33009519314272,2,0.5,"Biggest NL (One)"
"5005101","100332","1084","5416","529.2654418945312","100530","367.2123","0.01870296","162.0532",1,0,0,0,0,0,0,0,0,0,162.0528233,2.10174564345737,1,1,"Biggest NL (One)"
"5005102","100531","1087","5431","337.0928955078125","100839","175.0391","1","162.0538",1,0,0,0,0,0,0,0,0,0,162.0528233,5.91907080272904,1,1,"Biggest NL (One)"
"78422","100840","1093","5461","1075.5694580078123","101193","457.3684","0.04618938","618.2011",3,0,1,0,0,0,0,0,0,0,618.2007285,0.613890540512443,4,1,"Biggest NL (One)"
"73376","100840","1093","5461","1075.5694580078123","101193","619.4215","0.2402516","456.148",2,0,1,0,0,0,0,0,0,0,456.1479052,0.135499479930997,3,1," "
"579728","100840","1093","5461","1075.5694580078123","101193","781.4755","0.08947127","294.0939",1,0,1,0,0,0,0,0,0,0,294.0950819,3.92695013987206,2,1," "
"171619","100840","1093","5461","1075.5694580078123","101193","943.5274","0.09419263","132.0421",0,0,1,0,0,0,0,0,0,0,132.0422586,1.28437976875358,1,1," "
"5005103","101563","1099","5491","437.1453247070312","101963","275.0926","0.2189578","162.0527",1,0,0,0,0,0,0,0,0,0,162.0528233,0.651596408179599,1,1,"Biggest NL (One)"
"629239","102192","1114","5566","429.1402282714844","102515","121.0282","1","308.112",1,1,0,0,0,0,0,0,0,0,308.110732,4.1552144460897,2,0.5,"Biggest NL (One)"
"6952","102516","1117","5581","915.277587890625","102846","315.0496","0.336288","600.228",1,3,0,0,0,0,0,0,0,0,600.2265494,2.36658519144962,4,0.75,"Biggest NL (One)"
"67878","102516","1117","5581","915.277587890625","102846","461.1066","0.02919489","454.171",1,2,0,0,0,0,0,0,0,0,454.1686407,5.22092023253969,3,0.6667," "
"300337","102516","1117","5581","915.277587890625","102846","769.2201","0.06529579","146.0575",0,1,0,0,0,0,0,0,0,0,146.0579087,2.58671615683052,1,1," "
"67879","102847","1120","5596","799.230224609375","103208","345.0594","0.307676","454.1708",1,2,0,0,0,0,0,0,0,0,454.1686407,4.85480165970159,3,0.3333,"Biggest NL (One)"
"629240","103209","1123","5611","738.443359375","103453","430.3331","0.01015163","308.1102",1,1,0,0,0,0,0,0,0,0,308.110732,1.60859634465954,2,1,"Biggest NL (One)"
"300338","103209","1123","5611","738.443359375","103453","592.3859","0.03039813","146.0575",0,1,0,0,0,0,0,0,0,0,146.0579087,2.87780520268298,1,1," "
"47853","103454","1132","5656","533.1875610351562","103923","95.01244","0.04100346","438.1751",0,3,0,0,0,0,0,0,0,0,438.1737261,3.18807500217169,3,0.3333,"Biggest NL (One)"
"4620","103454","1132","5656","533.1875610351562","103923","109.0281","0.01710523","424.1594",0,2,1,0,0,0,0,0,0,0,424.158076,3.20406678247565,3,0.3333," "
"700731","103454","1132","5656","533.1875610351562","103923","209.0812","0.602115","324.1063",2,0,0,0,0,0,0,0,0,0,324.1056466,2.14261514909506,2,0.5," "
"5005104","103924","1141","5701","369.0827026367188","104170","207.0291","0.3281529","162.0536",1,0,0,0,0,0,0,0,0,0,162.0528233,4.63634770479634,1,1,"Biggest NL (One)"
"75029","104171","1144","5716","941.5115356445312","104470","471.3474","1","470.1642",2,1,0,0,0,0,0,0,0,0,470.1635553,1.28751738634455,3,0.3333,"Biggest NL (One)"
"300339","104471","1147","5731","296.1139526367188","104769","150.0548","0.02885537","146.0592",0,1,0,0,0,0,0,0,0,0,146.0579087,8.83160205491797,1,1,"Biggest NL (One)"
"79421","104770","1153","5761","1103.5643310546877","105332","455.3524","0.4626619","648.2119",4,0,0,0,0,0,0,0,0,0,648.2112932,0.97476560262359,4,0.5," "
"7586","104770","1153","5761","1103.5643310546877","105332","457.3681","0.5562925","646.1962",2,1,0,1,0,0,0,0,0,0,646.1956431,0.858802155553885,4,0.75,"Biggest NL (One)"
"76223","104770","1153","5761","1103.5643310546877","105332","501.3584","0.05111274","602.206",2,1,1,0,0,0,0,0,0,0,602.2058139,0.226093228992011,4,0.75," "
"629241","104770","1153","5761","1103.5643310546877","105332","795.4541","0.07449547","308.1102",1,1,0,0,0,0,0,0,0,0,308.110732,1.69726707156349,2,1," "
"5005105","104770","1153","5761","1103.5643310546877","105332","941.5103","0.04685744","162.054",1,0,0,0,0,0,0,0,0,0,162.0528233,7.30469248661767,1,1," "
"579729","105333","1156","5776","363.1296691894531","105579","69.03319","0.02323563","294.0965",1,0,1,0,0,0,0,0,0,0,294.0950819,4.76472699674059,2,1,"Biggest NL (One)"
"429013","105333","1156","5776","363.1296691894531","105579","71.01243","0.6024993","292.1172",0,2,0,0,0,0,0,0,0,0,292.1158174,4.85007143486421,2,0.5," "
"37955","105333","1156","5776","363.1296691894531","105579","85.02812","0.2455923","278.1015",0,1,1,0,0,0,0,0,0,0,278.1001673,4.96181868480992,2,0.5," "
"25082","105333","1156","5776","363.1296691894531","105579","99.04384","0.02982914","264.0858",0,0,2,0,0,0,0,0,0,0,264.0845172,4.97561511429638,2,0.5," "
"5005106","105333","1156","5776","363.1296691894531","105579","201.076","0.1583306","162.0537",1,0,0,0,0,0,0,0,0,0,162.0528233,5.11490757486057,1,1," "
"750210","106383","1174","5866","1073.5537109375","106592","603.3902","0.115137","470.1635",2,1,0,0,0,0,0,0,0,0,470.1635553,0.0581978361521029,3,0.3333,"Biggest NL (One)"
"76673","106593","1177","5881","901.2619018554688","106799","285.0391","0.402499","616.2228",2,2,0,0,0,0,0,0,0,0,616.221464,2.18241754358134,4,0.75,"Biggest NL (One)"
"678710","106593","1177","5881","901.2619018554688","106799","447.0889","0.02989916","454.173",1,2,0,0,0,0,0,0,0,0,454.1686407,9.6068137731003,3,0.6667," "
"5005107","106593","1177","5881","901.2619018554688","106799","739.2097","0.09450654","162.0522",1,0,0,0,0,0,0,0,0,0,162.0528233,3.56949409592442,1,1," "
"5005108","106800","1180","5896","417.1191101074219","107093","255.0658","1","162.0533",1,0,0,0,0,0,0,0,0,0,162.0528233,2.90526289179031,1,1,"Biggest NL (One)"
"54674","107094","1183","5911","823.412109375","107376","485.3266","0.6292943","338.0855",1,0,0,1,0,0,0,0,0,0,338.0849111,1.65424145373708,2,1,"Biggest NL (One)"
"5005109","107094","1183","5911","823.412109375","107376","661.3591","0.2781122","162.053",1,0,0,0,0,0,0,0,0,0,162.0528233,0.919915246124312,1,1," "
"579730","107377","1186","5926","593.2603149414062","107818","299.1646","1","294.0957",1,0,1,0,0,0,0,0,0,0,294.0950819,2.00629068193192,2,1,"Biggest NL (One)"
"171620","107377","1186","5926","593.2603149414062","107818","461.2175","0.3893986","132.0428",0,0,1,0,0,0,0,0,0,0,132.0422586,4.45568555877705,1,1," "
"92416","107819","1192","5956","825.4277954101562","108132","649.3952","0.1073096","176.0326",0,0,0,1,0,0,0,0,0,0,176.0320878,2.88361456594241,1,1,"Biggest NL (One)"
"77225","108133","1195","5971","1119.5228271484377","108383","633.3641","1","486.1587",3,0,0,0,0,0,0,0,0,0,486.1584699,0.547657417012179,3,0.3333,"Biggest NL (One)"
"6293","109071","1204","6016","595.1668090820312","109335","125.0231","0.3568697","470.1437",1,1,0,0,0,0,0,0,0,1,470.1424273,2.64553605148353,3,0.6667,"Biggest NL (One)"
"629242","109071","1204","6016","595.1668090820312","109335","287.056","0.3703295","308.1108",1,1,0,0,0,0,0,0,0,0,308.110732,0.246930744683857,2,0.5," "
"750211","109336","1210","6046","973.5013427734375","109684","503.3376","1","470.1638",2,1,0,0,0,0,0,0,0,0,470.1635553,0.447659842861362,3,0.3333,"Biggest NL (One)"
"5005110","109685","1213","6061","291.1085510253906","110010","129.0544","0.01336152","162.0541",1,0,0,0,0,0,0,0,0,0,162.0528233,7.90307285530992,1,1,"Biggest NL (One)"
"34652","110011","1219","6091","939.495849609375","110318","617.4054","0.03983941","322.0905",0,1,0,1,0,0,0,0,0,0,322.0899965,1.45645222407394,2,0.5,"Biggest NL (One)"
"5005111","110319","1222","6106","345.1191101074219","110721","183.0653","0.07438679","162.0538",1,0,0,0,0,0,0,0,0,0,162.0528233,6.10789343927392,1,1,"Biggest NL (One)"
"92417","110722","1225","6121","505.0987548828125","111000","329.0663","0.9018218","176.0325",0,0,0,1,0,0,0,0,0,0,176.0320878,2.34662809659649,1,1,"Biggest NL (One)"
"7887","111001","1234","6166","1223.5701904296877","111269","591.3517","0.01467129","632.2185",3,1,0,0,0,0,0,0,0,0,632.2163786,3.36565549113994,4,1,"Biggest NL (One)"
"750212","111001","1234","6166","1223.5701904296877","111269","753.4066","0.09927515","470.1636",2,1,0,0,0,0,0,0,0,0,470.1635553,0.087479524178813,3,1," "
"700732","111001","1234","6166","1223.5701904296877","111269","899.4645","0.2284275","324.1057",2,0,0,0,0,0,0,0,0,0,324.1056466,0.187684716313259,2,1," "
"5005112","111001","1234","6166","1223.5701904296877","111269","1061.517","0.03886456","162.0533",1,0,0,0,0,0,0,0,0,0,162.0528233,2.66659059997519,1,1," "
"629243","111600","1240","6196","765.4794311523438","111925","457.3693","0.01759697","308.1101",1,1,0,0,0,0,0,0,0,0,308.110732,2.09615876036261,2,0.5,"Biggest NL (One)"
"7457","111926","1246","6226","1059.5380859375","112327","471.3479","0.1871909","588.1902",2,0,2,0,0,0,0,0,0,0,588.1901638,0.0954410630771623,4,1.5,"Biggest NL (One)"
"61272","111926","1246","6226","1059.5380859375","112327","633.4012","0.07014539","426.1368",1,0,2,0,0,0,0,0,0,0,426.1373405,1.17699868735346,3,1.6667," "
"579731","111926","1246","6226","1059.5380859375","112327","765.4436","0.2891889","294.0945",1,0,1,0,0,0,0,0,0,0,294.0950819,2.02643207699752,2,1.5," "
"25083","111926","1246","6226","1059.5380859375","112327","795.4534","0.08025836","264.0847",0,0,2,0,0,0,0,0,0,0,264.0845172,0.805565320159647,2,1," "
"5005113","111926","1246","6226","1059.5380859375","112327","897.4855","0.1845962","162.0526",1,0,0,0,0,0,0,0,0,0,162.0528233,1.47089600632562,1,1," "
"171621","111926","1246","6226","1059.5380859375","112327","927.496","0.3791732","132.0421",0,0,1,0,0,0,0,0,0,0,132.0422586,1.26219221119005,1,1," "
"54675","112328","1255","6271","468.151123046875","112624","130.065","0.3938258","338.0862",1,0,0,1,0,0,0,0,0,0,338.0849111,3.711914301853,2,1,"Biggest NL (One)"
"579732","112328","1255","6271","468.151123046875","112624","174.055","0.0280536","294.0961",1,0,1,0,0,0,0,0,0,0,294.0950819,3.5503591599533,2,1," "
"5005114","112328","1255","6271","468.151123046875","112624","306.0984","0.02750515","162.0527",1,0,0,0,0,0,0,0,0,0,162.0528233,0.809941034284662,1,1," "
"579733","112625","1258","6286","427.1609497070312","112875","133.0645","0.0604776","294.0964",1,0,1,0,0,0,0,0,0,0,294.0950819,4.49786875999428,2,0.5,"Biggest NL (One)"
"579734","112876","1261","6301","460.14605712890614","113108","166.0498","0.119114","294.0963",1,0,1,0,0,0,0,0,0,0,294.0950819,4.14567915825175,2,0.5,"Biggest NL (One)"
"5005115","113109","1264","6316","521.2028198242188","113357","359.1496","1","162.0532",1,0,0,0,0,0,0,0,0,0,162.0528233,2.25558177165565,1,1,"Biggest NL (One)"
"5005116","113358","1267","6331","409.114013671875","113578","247.0605","1","162.0535",1,0,0,0,0,0,0,0,0,0,162.0528233,4.2724890733404,1,1,"Biggest NL (One)"
"700733","113579","1270","6346","697.3440551757812","113792","373.2379","0.9077179","324.1061",2,0,0,0,0,0,0,0,0,0,324.1056466,1.43957723198348,2,1,"Biggest NL (One)"
"5005117","113579","1270","6346","697.3440551757812","113792","535.2911","0.1670058","162.053",1,0,0,0,0,0,0,0,0,0,162.0528233,0.863148556250101,1,1," "
"5005118","114548","1276","6376","445.114013671875","114950","283.0607","1","162.0533",1,0,0,0,0,0,0,0,0,0,162.0528233,2.90257522287052,1,1,"Biggest NL (One)"
"5005119","114951","1279","6391","343.1398315429688","115145","181.086","0.02346004","162.0539",1,0,0,0,0,0,0,0,0,0,162.0528233,6.45614308231268,1,1,"Biggest NL (One)"
"34653","115146","1282","6406","511.1820983886719","115394","189.0911","0.1808343","322.091",0,1,0,1,0,0,0,0,0,0,322.0899965,3.13541406576639,2,0.5," "
"579735","115146","1282","6406","511.1820983886719","115394","217.0862","1","294.0959",1,0,1,0,0,0,0,0,0,0,294.0950819,2.93267788400722,2,1,"Biggest NL (One)"
"171622","115146","1282","6406","511.1820983886719","115394","379.1395","0.09104872","132.0426",0,0,1,0,0,0,0,0,0,0,132.0422586,2.46730002572237,1,1," "
"5005120","115395","1285","6421","683.4011840820312","115717","521.3483","1","162.0528",1,0,0,0,0,0,0,0,0,0,162.0528233,0.146754788102848,1,1,"Biggest NL (One)"
"54676","115948","1291","6451","419.1195068359375","116168","81.03325","0.05283252","338.0863",1,0,0,1,0,0,0,0,0,0,338.0849111,3.98340928172864,2,0.5," "
"700734","115948","1291","6451","419.1195068359375","116168","95.0126","0.020932","324.1069",2,0,0,0,0,0,0,0,0,0,324.1056466,3.87290715002303,2,0.5," "
"34654","115948","1291","6451","419.1195068359375","116168","97.02819","0.1723741","322.0913",0,1,0,1,0,0,0,0,0,0,322.0899965,4.09925964627496,2,0.5," "
"629244","115948","1291","6451","419.1195068359375","116168","111.0075","0.0263075","308.112",1,1,0,0,0,0,0,0,0,0,308.110732,4.12783637669342,2,0.5," "
"579736","115948","1291","6451","419.1195068359375","116168","125.0232","0.6086001","294.0963",1,0,1,0,0,0,0,0,0,0,294.0950819,4.04607623907247,2,0.5,"Biggest NL (One)"
"678711","116169","1294","6466","769.2196655273438","116396","315.0487","0.2632985","454.171",1,2,0,0,0,0,0,0,0,0,454.1686407,5.10122302055185,3,0.3333,"Biggest NL (One)"
"629245","116397","1297","6481","736.427734375","116726","428.3168","0.06322937","308.1109",1,1,0,0,0,0,0,0,0,0,308.110732,0.569194390163965,2,1,"Biggest NL (One)"
"300340","116397","1297","6481","736.427734375","116726","590.37","0.08029046","146.0578",0,1,0,0,0,0,0,0,0,0,146.0579087,1.0292161238706,1,1," "
"700735","116727","1300","6496","517.15625","116972","193.0497","0.827553","324.1065",2,0,0,0,0,0,0,0,0,0,324.1056466,2.70713464575547,2,0.5,"Biggest NL (One)"
"5005121","116973","1303","6511","781.4379272460938","117280","619.3853","1","162.0527",1,0,0,0,0,0,0,0,0,0,162.0528233,0.907445095605906,1,1,"Biggest NL (One)"
"42091","117281","1306","6526","1087.4967041015623","117511","501.3213","0.05603871","586.1754",0,1,2,1,0,0,0,0,0,0,586.1745137,1.48658845862452,4,0.5,"Biggest NL (One)"
"92418","117281","1306","6526","1087.4967041015623","117511","911.4651","0.0257635","176.0316",0,0,0,1,0,0,0,0,0,0,176.0320878,2.75347397393901,1,1," "
"5005122","117512","1309","6541","301.0928955078125","117703","139.0387","1","162.0542",1,0,0,0,0,0,0,0,0,0,162.0528233,8.27629340202853,1,1,"Biggest NL (One)"
"5005123","117704","1312","6556","389.2180786132812","117941","227.1647","0.01991236","162.0533",1,0,0,0,0,0,0,0,0,0,162.0528233,3.16755761979997,1,1,"Biggest NL (One)"
"77226","118237","1324","6616","903.31396484375","118558","417.1557","0.5121629","486.1583",3,0,0,0,0,0,0,0,0,0,486.1584699,0.325112717651856,3,0.3333,"Biggest NL (One)"
"171623","118559","1327","6631","619.3851318359375","118828","487.3431","0.02676669","132.042",0,0,1,0,0,0,0,0,0,0,132.0422586,1.88397664349192,1,1,"Biggest NL (One)"
"5005124","118829","1330","6646","373.186767578125","119106","211.1334","0.1026673","162.0534",1,0,0,0,0,0,0,0,0,0,162.0528233,3.56227097332027,1,1,"Biggest NL (One)"
"4950","119397","1336","6676","1035.5380859375","119728","451.3067","0.2424328","584.2314",0,4,0,0,0,0,0,0,0,0,584.2316348,0.391732620887638,4,1,"Biggest NL (One)"
"47854","119397","1336","6676","1035.5380859375","119728","597.3651","1","438.173",0,3,0,0,0,0,0,0,0,0,438.1737261,1.75082118678258,3,1," "
"429014","119397","1336","6676","1035.5380859375","119728","743.4228","0.1986036","292.1152",0,2,0,0,0,0,0,0,0,0,292.1158174,1.94259799874032,2,1," "
"300341","119397","1336","6676","1035.5380859375","119728","889.481","0.02748899","146.057",0,1,0,0,0,0,0,0,0,0,146.0579087,5.92756420759956,1,1," "
"750213","120231","1342","6706","955.4907836914062","120520","485.3268","1","470.1639",2,1,0,0,0,0,0,0,0,0,470.1635553,0.836711124584362,3,0.3333,"Biggest NL (One)"
"5005125","120824","1354","6766","327.1449279785156","121062","165.091","1","162.0539",1,0,0,0,0,0,0,0,0,0,162.0528233,6.75502653233445,1,1,"Biggest NL (One)"
"750214","121063","1360","6796","755.2039794921875","121302","285.0402","1","470.1638",2,1,0,0,0,0,0,0,0,0,470.1635553,0.525757589539768,3,0.3333,"Biggest NL (One)"
"79422","121303","1369","6841","1281.57568359375","121579","633.3647","1","648.2109",4,0,0,0,0,0,0,0,0,0,648.2112932,0.550139205980879,4,0.25,"Biggest NL (One)"
"300342","121580","1372","6856","447.0932922363281","121914","301.0349","1","146.0584",0,1,0,0,0,0,0,0,0,0,146.0579087,3.50911863754545,1,1,"Biggest NL (One)"
"579737","121915","1375","6871","445.2079162597656","122167","151.1116","0.03146043","294.0963",1,0,1,0,0,0,0,0,0,0,294.0950819,4.03731665343284,2,1,"Biggest NL (One)"
"171624","121915","1375","6871","445.2079162597656","122167","313.1657","0.3611394","132.0422",0,0,1,0,0,0,0,0,0,0,132.0422586,0.222203415736351,1,1," "
"5005126","122168","1378","6886","331.1762084960938","122742","169.1224","0.02540559","162.0538",1,0,0,0,0,0,0,0,0,0,162.0528233,6.04858431381478,1,1,"Biggest NL (One)"
"4281","122743","1381","6901","795.2505493164062","123132","121.0282","1","674.2223",0,1,4,0,0,0,0,0,0,0,674.2269431,6.88168215567211,5,0.2,"Biggest NL (One)"
"78871","122743","1381","6901","795.2505493164062","123132","163.0391","0.02307135","632.2114",3,1,0,0,0,0,0,0,0,0,632.2163786,7.82061716286206,4,0.25," "
"4160","122743","1381","6901","795.2505493164062","123132","239.0711","0.01160524","556.1794",0,1,2,0,0,1,0,0,0,0,556.1792012,0.401159044350139,4,0.25," "
"77227","123133","1387","6931","803.3706665039062","123650","317.2117","0.06762397","486.1589",3,0,0,0,0,0,0,0,0,0,486.1584699,0.953605650990567,3,1,"Biggest NL (One)"
"750215","123133","1387","6931","803.3706665039062","123650","333.2069","0.01851207","470.1637",2,1,0,0,0,0,0,0,0,0,470.1635553,0.349248356349091,3,1," "
"61273","123133","1387","6931","803.3706665039062","123650","377.2334","0.01518274","426.1373",1,0,2,0,0,0,0,0,0,0,426.1373405,0.0586573691583648,3,0.6667," "
"700736","123133","1387","6931","803.3706665039062","123650","479.2649","0.123803","324.1058",2,0,0,0,0,0,0,0,0,0,324.1056466,0.363782194445153,2,1," "
"5005127","123133","1387","6931","803.3706665039062","123650","641.318","1","162.0527",1,0,0,0,0,0,0,0,0,0,162.0528233,0.918195853350497,1,1," "
"750216","123651","1393","6961","755.2039794921875","123875","285.039","0.2971041","470.1649",2,1,0,0,0,0,0,0,0,0,470.1635553,2.93129514635221,3,0.6667,"Biggest NL (One)"
"5005128","123651","1393","6961","755.2039794921875","123875","593.1511","0.1263712","162.0528",1,0,0,0,0,0,0,0,0,0,162.0528233,0.0567233989149921,1,1," "
"79423","123876","1396","6976","1269.6484375","124160","621.4378","0.1511186","648.2107",4,0,0,0,0,0,0,0,0,0,648.2112932,0.983785123801022,4,1,"Biggest NL (One)"
"77228","123876","1396","6976","1269.6484375","124160","783.491","0.9470373","486.1575",3,0,0,0,0,0,0,0,0,0,486.1584699,2.04542776791623,3,1," "
"700737","123876","1396","6976","1269.6484375","124160","945.5424","1","324.106",2,0,0,0,0,0,0,0,0,0,324.1056466,1.22768460139807,2,1," "
"5005129","123876","1396","6976","1269.6484375","124160","1107.595","0.5990499","162.0538",1,0,0,0,0,0,0,0,0,0,162.0528233,6.26458471690846,1,1," "
"750217","124385","1405","7021","957.5064086914062","124682","487.3429","1","470.1635",2,1,0,0,0,0,0,0,0,0,470.1635553,0.0395789811037268,3,0.3333,"Biggest NL (One)"
"78872","124683","1408","7036","1065.5487060546877","125122","433.3325","0.0238805","632.2162",3,1,0,0,0,0,0,0,0,0,632.2163786,0.325118718928392,4,0.75,"Biggest NL (One)"
"750218","124683","1408","7036","1065.5487060546877","125122","595.3855","0.05531873","470.1632",2,1,0,0,0,0,0,0,0,0,470.1635553,0.738563346285688,3,0.6667," "
"73377","124683","1408","7036","1065.5487060546877","125122","609.401","0.08312645","456.1477",2,0,1,0,0,0,0,0,0,0,456.1479052,0.497964416399296,3,1," "
"629246","124683","1408","7036","1065.5487060546877","125122","757.438","0.1256197","308.1107",1,1,0,0,0,0,0,0,0,0,308.110732,0.0355239578996702,2,0.5," "
"579738","124683","1408","7036","1065.5487060546877","125122","771.4544","0.1045208","294.0943",1,0,1,0,0,0,0,0,0,0,294.0950819,2.65168453385004,2,1," "
"171625","124683","1408","7036","1065.5487060546877","125122","933.507","0.02405022","132.0417",0,0,1,0,0,0,0,0,0,0,132.0422586,4.47998972920957,1,1," "
"79424","125123","1411","7051","1107.5955810546877","125453","459.3842","0.09057822","648.2114",4,0,0,0,0,0,0,0,0,0,648.2112932,0.172558962755253,4,1,"Biggest NL (One)"
"77229","125123","1411","7051","1107.5955810546877","125453","621.4376","0.1332455","486.158",3,0,0,0,0,0,0,0,0,0,486.1584699,0.941762350867811,3,1," "
"700738","125123","1411","7051","1107.5955810546877","125453","783.4908","0.1006629","324.1048",2,0,0,0,0,0,0,0,0,0,324.1056466,2.64280361938748,2,1," "
"5005130","125123","1411","7051","1107.5955810546877","125453","945.5427","0.04027334","162.0529",1,0,0,0,0,0,0,0,0,0,162.0528233,0.288515023878798,1,1," "
"700739","125454","1414","7066","567.1719360351562","125685","243.0659","1","324.106",2,0,0,0,0,0,0,0,0,0,324.1056466,1.14294439711599,2,0.5,"Biggest NL (One)"
"700740","125686","1417","7081","473.16644287109386","125944","149.0596","1","324.1069",2,0,0,0,0,0,0,0,0,0,324.1056466,3.7773685283819,2,0.5,"Biggest NL (One)"
"66222","125945","1423","7111","725.1934204101562","126183","285.0401","1","440.1533",1,1,1,0,0,0,0,0,0,0,440.1529906,0.701596822413945,3,0.6667,"Biggest NL (One)"
"579739","125945","1423","7111","725.1934204101562","126183","431.0976","0.0610101","294.0958",1,0,1,0,0,0,0,0,0,0,294.0950819,2.39211233584489,2,0.5," "
"750219","126486","1429","7141","1061.517333984375","126757","591.3544","0.0116536","470.1629",2,1,0,0,0,0,0,0,0,0,470.1635553,1.36190159747702,3,1,"Biggest NL (One)"
"629247","126486","1429","7141","1061.517333984375","126757","753.407","0.05091912","308.1104",1,1,0,0,0,0,0,0,0,0,308.110732,1.15223521029446,2,1," "
"5005131","126486","1429","7141","1061.517333984375","126757","899.4646","0.07886595","162.0527",1,0,0,0,0,0,0,0,0,0,162.0528233,0.594347449704963,1,1," "
"579740","127100","1438","7186","769.474365234375","127367","475.379","0.6023106","294.0954",1,0,1,0,0,0,0,0,0,0,294.0950819,1.03141494287769,2,1,"Biggest NL (One)"
"171626","127100","1438","7186","769.474365234375","127367","637.4319","0.03307098","132.0425",0,0,1,0,0,0,0,0,0,0,132.0422586,1.82240094200688,1,1," "
"5005132","127368","1441","7201","327.1085510253906","127607","165.0546","1","162.0539",1,0,0,0,0,0,0,0,0,0,162.0528233,6.68743759728696,1,1,"Biggest NL (One)"
"73378","127608","1444","7216","1032.5384521484377","127893","576.3912","1","456.1472",2,0,1,0,0,0,0,0,0,0,456.1479052,1.47112930221158,3,1,"Biggest NL (One)"
"579741","127608","1444","7216","1032.5384521484377","127893","738.4442","0.0833417","294.0943",1,0,1,0,0,0,0,0,0,0,294.0950819,2.69216910639057,2,1," "
"5005133","127608","1444","7216","1032.5384521484377","127893","870.4869","0.02334636","162.0515",1,0,0,0,0,0,0,0,0,0,162.0528233,8.09095543073852,1,1," "
"5005134","127894","1447","7231","417.1191101074219","128214","255.0661","0.2224509","162.053",1,0,0,0,0,0,0,0,0,0,162.0528233,0.856555906609411,1,1,"Biggest NL (One)"
"300343","127894","1447","7231","417.1191101074219","128214","271.0612","0.03711439","146.058",0,1,0,0,0,0,0,0,0,0,146.0579087,0.331426119185431,1,1," "
"171627","127894","1447","7231","417.1191101074219","128214","285.0764","0.01982813","132.0427",0,0,1,0,0,0,0,0,0,0,132.0422586,3.25279216937263,1,1," "
"51312","128632","3000","20","477.10385014026","128925","169.0133","1","308.0905",1,0,0,0,0,1,0,0,0,0,308.0895986,2.97166000891233,2,0.5,"Biggest NL (One)"
"73379","128926","3004","60","579.15080033268","129202","123.0074","0.01696322","456.1434",2,0,1,0,0,0,0,0,0,0,456.1479052,9.94833564406364,3,0.3333,"Biggest NL (One)"
"51313","128926","3004","60","579.15080033268","129202","271.0611","1","308.0897",1,0,0,0,0,1,0,0,0,0,308.0895986,0.177651795159704,2,0.5," "
"50064","129566","3007","90","433.11402090114","129819","109.0282","0.0525761","324.0859",1,0,0,0,0,0,0,0,0,1,324.0845186,4.11712244796743,2,0.5,"Biggest NL (One)"
"37956","129820","3009","110","413.14532102942","130480","135.0441","0.01561764","278.1012",0,1,1,0,0,0,0,0,0,0,278.1001673,3.66316100449999,2,0.5," "
"25084","129820","3009","110","413.14532102942","130480","149.0598","0.02598926","264.0856",0,0,2,0,0,0,0,0,0,0,264.0845172,3.9677648413475,2,0.5,"Biggest NL (One)"
"51314","130481","3010","120","423.12967096528","130759","115.0389","0.02044581","308.0908",1,0,0,0,0,1,0,0,0,0,308.0895986,3.80525932776147,2,0.5," "
"37957","130481","3010","120","423.12967096528","130759","145.0285","0.3971698","278.1012",0,1,1,0,0,0,0,0,0,0,278.1001673,3.67012197062873,2,0.5,"Biggest NL (One)"
"51315","130760","3011","130","455.13475634572","131059","147.044","0.03283692","308.0907",1,0,0,0,0,1,0,0,0,0,308.0895986,3.61823862824453,2,0.5," "
"3129","130760","3011","130","455.13475634572","131059","163.0391","0.0703863","292.0956",0,1,0,0,0,1,0,0,0,0,292.094684,3.23300189522656,2,0.5,"Biggest NL (One)"
"2523","131060","3012","140","593.18757976422","131373","123.044","0.39258","470.1436",0,0,2,0,0,0,0,1,0,0,470.1424225,2.39982919726229,3,0.3333,"Biggest NL (Multiple)"
"7077","131060","3012","140","593.18757976422","131373","123.044","0.39258","470.1436",2,0,0,0,0,1,0,0,0,0,470.1424219,2.40110540302234,3,0.3333,"Biggest NL (Multiple)"
"5026","131060","3012","140","593.18757976422","131373","225.0765","0.02186798","368.1111",1,0,0,0,0,0,0,1,0,0,368.1107286,0.929513527934615,2,0.5," "
"51316","131374","3014","160","471.12967096528","131566","163.0391","0.1851356","308.0906",1,0,0,0,0,1,0,0,0,0,308.0895986,3.2112804436974,2,0.5,"Biggest NL (One)"
"6953","131969","3017","190","887.28266191752","132363","125.0232","0.08318432","762.2595",1,3,0,0,0,0,0,0,0,1,762.2582447,1.58635949218125,5,0.2," "
"6743","131969","3017","190","887.28266191752","132363","153.0547","0.01519126","734.228",1,1,2,0,0,0,0,0,0,1,734.2269445,1.37207731956065,5,0.8,"Biggest NL (One)"
"3796","131969","3017","190","887.28266191752","132363","447.1505","0.05435618","440.1322",0,1,1,0,0,0,0,0,0,1,440.1318626,0.673246691914919,3,0.6667," "
"2509","131969","3017","190","887.28266191752","132363","461.1664","0.02264448","426.1162",0,0,2,0,0,0,0,0,0,1,426.1162125,0.0244476024190452,3,0.6667," "
"17172","131969","3017","190","887.28266191752","132363","593.2086","0.1673388","294.0741",0,0,1,0,0,0,0,0,0,1,294.0739539,0.506734590151431,2,0.5," "
"6788","132364","3018","200","769.25605324686","132822","153.0546","0.01458572","616.2014",1,2,0,0,0,0,0,0,0,1,616.200336,1.76443419151708,4,0.5,"Biggest NL (One)"
"30043","132364","3018","200","769.25605324686","132822","461.1662","0.03082529","308.0898",0,1,0,0,0,0,0,0,0,1,308.089604,0.747336764956122,2,0.5," "
"7022","132823","3019","210","753.22475311858","133271","223.0608","0.1921319","530.164",2,0,0,0,0,0,0,1,0,0,530.1635519,0.809595889835245,3,0.3333,"Biggest NL (One)"
"6623","133272","3020","220","755.24040318272","133703","153.0547","0.01346188","602.1857",1,1,1,0,0,0,0,0,0,1,602.1846859,1.70260220568709,4,0.75,"Biggest NL (One)"
"37961","133272","3020","220","755.24040318272","133703","315.1085","0.02763646","440.1319",0,1,1,0,0,0,0,0,0,1,440.1318626,0.103566042623973,3,0.6667," "
"17173","133272","3020","220","755.24040318272","133703","461.1665","0.07195859","294.0739",0,0,1,0,0,0,0,0,0,1,294.0739539,0.0534466947475639,2,0.5," "
"66231","134698","3024","260","755.24040318272","135108","153.0547","0.01252345","602.1857",1,1,1,0,0,0,0,0,0,1,602.1846859,1.61791086107682,4,0.75,"Biggest NL (One)"
"37962","134698","3024","260","755.24040318272","135108","315.1086","0.0289297","440.1318",0,1,1,0,0,0,0,0,0,1,440.1318626,0.116822457984307,3,0.6667," "
"17174","134698","3024","260","755.24040318272","135108","461.1666","0.07908982","294.0738",0,0,1,0,0,0,0,0,0,1,294.0739539,0.563522784515041,2,0.5," "
"7503","135109","3025","270","785.25096786642","135620","153.0547","0.01489852","632.1963",2,1,0,0,0,0,0,0,0,1,632.1952506,1.5932812121667,4,0.75,"Biggest NL (One)"
"62931","135109","3025","270","785.25096786642","135620","315.1085","0.03700732","470.1425",1,1,0,0,0,0,0,0,0,1,470.1424273,0.15860386931566,3,0.6667," "
"50065","135109","3025","270","785.25096786642","135620","461.1665","0.1054593","324.0845",1,0,0,0,0,0,0,0,0,1,324.0845186,0.138030617382238,2,0.5," "
"30044","135621","3026","280","623.19814444792","136026","315.1085","0.03531702","308.0897",0,1,0,0,0,0,0,0,0,1,308.089604,0.264364319454539,2,0.5,"Biggest NL (One)"
"67881","136027","3028","300","769.25605324686","136457","153.0546","0.0252704","616.2015",1,2,0,0,0,0,0,0,0,1,616.200336,1.87803319637785,4,0.75,"Biggest NL (One)"
"4291","136027","3028","300","769.25605324686","136457","315.1083","0.03963078","454.1478",0,2,0,0,0,0,0,0,0,1,454.1475127,0.56930117553773,3,0.6667," "
"30045","136027","3028","300","769.25605324686","136457","461.1661","0.1115475","308.0899",0,1,0,0,0,0,0,0,0,1,308.089604,1.06867126947757,2,0.5," "
"7501","136458","3029","310","925.29831198166","136871","73.02811","0.01326514","852.2702",2,0,4,0,0,0,0,0,0,0,852.274681,5.2589171196749,6,0.1667," "
"6786","136458","3029","310","925.29831198166","136871","89.02308","0.02519838","836.2752",1,1,4,0,0,0,0,0,0,0,836.2797664,5.4197687027002,6,0.1667," "
"2999","136458","3029","310","925.29831198166","136871","119.049","0.04829216","806.2493",0,0,5,0,0,1,0,0,0,0,806.2480683,1.58224210615057,6,0.1667,"Biggest NL (One)"
"79781","136458","3029","310","925.29831198166","136871","145.0492","0.01801419","780.2491",4,0,1,0,0,0,0,0,0,0,780.2535518,5.71845375687666,5,0.2," "
"79231","136458","3029","310","925.29831198166","136871","161.0444","0.01946143","764.2539",3,1,1,0,0,0,0,0,0,0,764.2586372,6.23119946893843,5,0.2," "
"7682","136458","3029","310","925.29831198166","136871","163.039","0.1404012","762.2593",2,2,0,0,0,1,0,0,0,0,762.2582393,1.4413489024864,5,0.2," "
"66232","136872","3031","330","755.24040318272","137337","153.0546","0.01516343","602.1858",1,1,1,0,0,0,0,0,0,1,602.1846859,1.86866362370402,4,0.75,"Biggest NL (One)"
"30046","136872","3031","330","755.24040318272","137337","447.1507","0.02814184","308.0897",0,1,0,0,0,0,0,0,0,1,308.089604,0.250520302336034,2,0.5," "
"17175","136872","3031","330","755.24040318272","137337","461.1661","0.01672096","294.0743",0,0,1,0,0,0,0,0,0,1,294.0739539,1.02111189850758,2,0.5," "
"50066","137338","3032","340","537.16136501638","137845","213.0762","0.02105064","324.0851",1,0,0,0,0,0,0,0,0,1,324.0845186,1.86807827707085,2,0.5,"Biggest NL (One)"
"3865","138651","3034","360","483.15080033268","139071","59.01245","0.04641112","424.1383",0,1,1,0,0,1,0,0,0,0,424.1369426,3.31432582201157,3,0.6667,"Biggest NL (One)"
"37958","138651","3034","360","483.15080033268","139071","205.0498","0.01090402","278.101",0,1,1,0,0,0,0,0,0,0,278.1001673,2.91272863452014,2,0.5," "
"51317","139072","3036","380","593.1300648881","139485","285.0402","1","308.0899",1,0,0,0,0,1,0,0,0,0,308.0895986,0.981168480931567,2,0.5,"Biggest NL (One)"
"74571","139486","3038","400","739.18797368704","140041","151.0026","0.01981024","588.1854",2,0,2,0,0,0,0,0,0,0,588.1901638,8.11838078944064,4,0.25,"Biggest NL (One)"
"6362","139486","3038","400","739.18797368704","140041","285.0394","0.3353682","454.1486",1,1,0,0,0,1,0,0,0,0,454.1475073,2.30846718942838,3,0.3333," "
"51318","140800","3046","480","563.15588571312","141028","255.0658","1","308.0901",1,0,0,0,0,1,0,0,0,0,308.0895986,1.61677744711489,2,0.5,"Biggest NL (One)"
"3480","141029","3047","490","597.18249438378","141508","69.03315","0.01984958","528.1493",0,1,0,1,0,0,0,1,0,0,528.1479018,2.72382008267028,3,0.3333," "
"2193","141029","3047","490","597.18249438378","141508","83.04885","0.1013891","514.1336",0,0,1,1,0,0,0,1,0,0,514.1322517,2.70685219274434,3,0.3333," "
"5502","141029","3047","490","597.18249438378","141508","83.04885","0.1013891","514.1336",1,0,0,1,0,0,1,0,0,0,514.1322564,2.69771060057091,3,0.3333," "
"5812","141029","3047","490","597.18249438378","141508","97.02811","0.0571572","500.1544",1,0,1,0,0,0,0,1,0,0,500.1529872,2.7955043899587,3,0.6667,"Biggest NL (One)"
"7042","141029","3047","490","597.18249438378","141508","97.02811","0.0571572","500.1544",2,0,0,0,0,0,1,0,0,0,500.1529919,2.78610729132715,3,0.3333," "
"3500","141029","3047","490","597.18249438378","141508","99.04374","0.02423468","498.1388",0,1,0,1,0,0,1,0,0,0,498.1373418,2.83973845010429,3,0.3333," "
"3810","141029","3047","490","597.18249438378","141508","113.0231","0.07385845","484.1594",0,1,1,0,0,0,0,1,0,0,484.1580726,2.77756402454694,3,0.3333," "
"6327","141029","3047","490","597.18249438378","141508","113.0231","0.07385845","484.1594",1,1,0,0,0,0,1,0,0,0,484.1580773,2.76785647844885,3,0.3333," "
"25231","141029","3047","490","597.18249438378","141508","127.0388","0.1019212","470.1437",0,0,2,0,0,0,0,1,0,0,470.1424225,2.62235545643834,3,0.3333," "
"5832","141029","3047","490","597.18249438378","141508","127.0388","0.1019212","470.1437",1,0,1,0,0,0,1,0,0,0,470.1424272,2.61235851180954,3,0.3333," "
"50261","141029","3047","490","597.18249438378","141508","229.0713","0.07887966","368.1112",1,0,0,0,0,0,0,1,0,0,368.1107286,1.27348416285034,2,0.5," "
"38651","141509","3049","510","519.15080033268","141905","95.01245","0.01475697","424.1383",0,1,1,0,0,1,0,0,0,0,424.1369426,3.30961039511468,3,0.3333,"Biggest NL (One)"
"9801","141509","3049","510","519.15080033268","141905","167.0702","0.09916374","352.0806",0,0,0,1,0,0,1,0,0,0,352.0794331,3.36636729844837,2,0.5," "
"7878","141906","3050","520","901.24079710554","142289","151.0025","0.01512311","750.2383",3,0,2,0,0,0,0,0,0,0,750.2429871,6.2486738755099,5,0.2,"Biggest NL (One)"
"51319","142290","3051","530","471.12967096528","142569","163.0389","0.3259766","308.0908",1,0,0,0,0,1,0,0,0,0,308.0895986,3.8539460903113,2,0.5,"Biggest NL (One)"
"6137","142570","3052","540","755.24040318272","142886","123.0438","0.8090923","632.1966",1,0,2,0,0,0,0,1,0,0,632.1952458,2.11070853893037,4,0.25,"Biggest NL (One)"
"70221","142570","3052","540","755.24040318272","142886","225.0761","0.0211111","530.1643",2,0,0,0,0,0,0,1,0,0,530.1635519,1.34162705669032,3,0.3333," "
"7986","143157","3054","560","1063.29362052404","143449","151.0025","0.01634353","912.2911",4,0,2,0,0,0,0,0,0,0,912.2958104,5.14076686105569,6,0.1667,"Biggest NL (One)"
